index,tag,distCum,time,x,y,lon,lat,distance,flightAngle,utmX,utmY,mapDist,acousticAntropy,visualAntropy,x_utm,y_utm,polygon,azimuth,pool_file
452,7538,143.441340105469,738615.98276522,256568.635167009,776499.824993334,35.6019335383368,33.0830854758614,21.0754222335532,310.028736344893,742867.713038882,3663509.27293731,5.50110211495938,7.866459585,6.16278752232943,742867.7127084442,3663509.2908396926,"POLYGON ((35.60180194322184 33.08310759829349, 35.60175265534448 33.08314228605133, 35.60183506442282 33.08322527143135, 35.60197474290889 33.08312696849688, 35.6020240306847 33.08309228065577, 35.60194162157025 33.0830092954019, 35.60180194322184 33.08310759829349))",-50.104403207843454,
453,7538,158.441340105469,738615.982809431,256552.414825665,776513.281365393,35.6017603593766,33.0832073556569,21.0754222334565,310.028775450851,742851.208487222,3663522.38932004,9.15493174848251,9.5022349,6.30226666448402,742851.208156893,3663522.407221031,"POLYGON ((35.60162876409418 33.0832294781608, 35.60157947617235 33.08326416595, 35.60166188544044 33.08334715128876, 35.60180156404356 33.08324884827175, 35.60185085186382 33.0832141603993, 35.60176844255964 33.08313117518666, 35.60162876409418 33.0832294781608))",-50.10436372245923,/Users/xingchen/Documents/PhD_learning/Acoustic_project/Analysis/echo_complex/pool/pool_0592.json
454,7538,173.441340105469,738615.982853642,256536.19448432,776526.737737452,35.6015871804165,33.0833292354525,21.0754222335756,310.028814555799,742834.703980101,3663535.50572822,10.0312655372006,8.530390137,5.08055542166221,742834.7036498889,3663535.523627839,"POLYGON ((35.60145558496657 33.08335135802805, 35.60140629700022 33.08338604584853, 35.6014887064579 33.08346903114617, 35.60162838517826 33.0833707280468, 35.60167767304304 33.08333604014306, 35.60159526354926 33.08325305497155, 35.60145558496657 33.08335135802805))",-50.10432432463386,/Users/xingchen/Documents/PhD_learning/Acoustic_project/Analysis/echo_complex/pool/pool_0592.json
455,7538,188.441340105469,738615.982897852,256519.974142976,776540.194109511,35.6014140014563,33.083451115248,21.0754222334565,310.02885365993,742818.199517515,3663548.62216186,6.98354516982864,7.845933081,5.54899847861192,742818.1991874125,3663548.64006009,"POLYGON ((35.60128240583889 33.0834732378953, 35.60123311782807 33.08350792574712, 35.60131552747546 33.08359091100355, 35.60145520631291 33.0834926078217, 35.60150449422217 33.08345791988663, 35.60142208453867 33.08337493475633, 35.60128240583889 33.0834732378953))",-50.104284860219046,/Users/xingchen/Documents/PhD_learning/Acoustic_project/Analysis/echo_complex/pool/pool_0592.json
456,7538,203.441340105469,738615.982942063,256503.753801632,776553.65048157,35.6012408224961,33.0835729950436,21.0754222335756,310.028892766733,742801.695099469,3663561.73862096,6.3115378367011,9.063852862,5.5740557939514,742801.6947694744,3663561.7565178084,"POLYGON ((35.60110922671118 33.08359511776261, 35.60105993865586 33.08362980564571, 35.60114234849289 33.08371279086099, 35.60128202744755 33.08361448759672, 35.6013313154013 33.08357979963035, 35.60124890552816 33.0834968145412, 35.60110922671118 33.08359511776261))",-50.104245443605315,/Users/xingchen/Documents/PhD_learning/Acoustic_project/Analysis/echo_complex/pool/pool_0592.json
457,7538,218.441340105469,738615.982986274,256487.533460287,776567.106853629,35.6010676435359,33.0836948748391,21.0754222334565,310.028931870946,742785.19072596,3663574.85510551,8.96273509108556,9.344804105,5.81492484045824,742785.1903960739,3663574.8730009715,"POLYGON ((35.6009360475835 33.08371699762988, 35.60088675948369 33.08375168554431, 35.60096916951044 33.08383467071837, 35.60110884858219 33.0837363673716, 35.60115813658042 33.0837016793739, 35.60107572651757 33.08361869432597, 35.6009360475835 33.08371699762988))",-50.10420597733397,/Users/xingchen/Documents/PhD_learning/Acoustic_project/Analysis/echo_complex/pool/pool_0592.json
458,7538,233.441340105469,738615.983030485,256471.313118943,776580.563225688,35.6008944645757,33.0838167546347,21.1370592055171,311.524166317922,742768.686396989,3663587.97161552,6.76217415871619,8.194845037,5.58011266830355,742768.6860672117,3663587.989509604,"POLYGON ((35.60076359842249 33.08384175860224, 35.60071540144732 33.08387751666319, 35.60080035400357 33.08395866461858, 35.60093694088105 33.08385732855736, 35.60098513775002 33.08382157041552, 35.60090018517336 33.08374042258649, 35.60076359842249 33.08384175860224))",-48.61002372920818,/Users/xingchen/Documents/PhD_learning/Acoustic_project/Analysis/echo_complex/pool/pool_0592.json
459,7538,248.441340105469,738615.983085066,256455.402803885,776594.478582191,35.6007246240986,33.0839427619788,21.5445785187809,317.611598412712,742752.482464277,3663601.55365808,3.05735275484895,9.97983775,6.55285481953838,742752.482134605,3663601.571550795,"POLYGON ((35.60059764504022 33.08397930688981, 35.60055422378809 33.08401916571317, 35.60064891892068 33.08409227278553, 35.60077197166826 33.08397931545918, 35.60081539279838 33.08393945656547, 35.60072069770948 33.08386634961685, 35.60059764504022 33.08397930688981))",-42.52309109452016,/Users/xingchen/Documents/PhD_learning/Acoustic_project/Analysis/echo_complex/pool/pool_0592.json
460,7538,263.441340105469,738615.983182761,256440.781324692,776610.302020811,35.6005686623052,33.084085928296,21.5445785188862,317.611644852901,742737.527194225,3663617.070921,3.43061836457903,6.428906418,4.87029572922937,742737.526864648,3663617.0888124816,"POLYGON ((35.6004416830724 33.08412247329043, 35.6003982617848 33.08416233214636, 35.60049295715041 33.08423543915831, 35.60061600999138 33.08412248174618, 35.60065943115695 33.08408262281989, 35.60056473583504 33.08400951593167, 35.6004416830724 33.08412247329043))",-42.52304417544437,/Users/xingchen/Documents/PhD_learning/Acoustic_project/Analysis/echo_complex/pool/pool_0592.json
461,7538,278.441340105469,738615.983280457,256426.159845499,776626.125459431,35.6004127005119,33.0842290946132,21.5445785189519,317.611691298407,742722.571970712,3663632.58820433,5.21643403427827,9.273129928,6.31332377553753,742722.5716412397,3663632.606094562,"POLYGON ((35.60028572110463 33.08426563969097, 35.60024229978153 33.08430549857945, 35.6003369953801 33.08437860553106, 35.60046004831455 33.0842656480332, 35.60050346951564 33.08422578907436, 35.60040877396077 33.08415268224649, 35.60028572110463 33.08426563969097))",-42.52299729766966,/Users/xingchen/Documents/PhD_learning/Acoustic_project/Analysis/echo_complex/pool/pool_0592.json
462,7538,293.441340105469,738615.983378152,256411.538366305,776641.948898051,35.6002567387185,33.0843722609304,21.5445785188467,317.611737739411,742707.616793738,3663648.10550804,7.46043328910551,8.802860332,5.61034411927758,742707.6164643613,3663648.1233970365,"POLYGON ((35.60012975913677 33.08440880609152, 35.60008633777817 33.08444866501257, 35.60018103360969 33.08452177190381, 35.60030408663763 33.08440881432023, 35.60034750787421 33.08436895532883, 35.60025281208639 33.08429584856132, 35.60012975913677 33.08440880609152))",-42.522950413446445,/Users/xingchen/Documents/PhD_learning/Acoustic_project/Analysis/echo_complex/pool/pool_0592.json
463,7538,308.441340105469,738615.983475847,256396.916887112,776657.772336671,35.6001007769251,33.0845154272475,23.0298643562429,322.679810864857,742692.661663305,3663663.62283215,9.85505674655785,8.543737243,6.20589608900392,742692.6613340235,3663663.640719894,"POLYGON ((35.59997813251447 33.0845612801922, 35.59993906727495 33.0846042148129, 35.60004107045444 33.08466998734687, 35.60015177849819 33.08454831345968, 35.60019084360668 33.08450537877823, 35.60008884052291 33.08443960636153, 35.59997813251447 33.0845612801922))",-37.45066124996757,/Users/xingchen/Documents/PhD_learning/Acoustic_project/Analysis/echo_complex/pool/pool_0592.json
464,7538,323.441340105469,738615.983532771,256382.844105323,776676.002297313,35.5999507880681,33.0846802725667,25.0118509425135,327.898857587054,742678.204647073,3663681.5583763,10.5103309817732,8.433607287,6.99137903126518,742678.2043178851,3663681.576262855,"POLYGON ((35.59983361633096 33.08473534183676, 35.59979936042782 33.08478109425113, 35.59990805827699 33.08483876937699, 35.60000513695591 33.08470911007737, 35.60003939272305 33.08466335761253, 35.59993069502008 33.08460568259346, 35.59983361633096 33.08473534183676))",-32.22301087653365,
465,7538,338.441340105469,738615.983540917,256369.427784734,776697.111419261,35.5998079452282,33.084871054629,25.0118509425135,327.898913541132,742664.343571845,3663702.38707062,9.43841472763997,9.584136273,5.71311373623318,742664.3432427542,3663702.4049560316,"POLYGON ((35.59969077329815 33.08492612399237, 35.59965651737188 33.08497187643762, 35.59976521553242 33.08502955147614, 35.5998622942717 33.08489989209599, 35.59989655006198 33.0848541396003, 35.59978785204764 33.08479646466856, 35.59969077329815 33.08492612399237))",-32.22295429517692,/Users/xingchen/Documents/PhD_learning/Acoustic_project/Analysis/echo_complex/pool/pool_0593.json
466,7538,353.441340105469,738615.983549062,256356.011464146,776718.220541209,35.5996651023882,33.0850618366913,18.4830017360352,354.21757193079,742650.482552297,3663723.21578171,6.41676662781082,9.971370191,4.66390374945605,742650.4822232953,3663723.233665981,"POLYGON ((35.59958926223367 33.08515503599232, 35.59958275920629 33.08520884046075, 35.59971058756422 33.08521978920475, 35.59972901645938 33.08506731104275, 35.59973551939262 33.0850135065705, 35.59960769133401 33.08500255783721, 35.59958926223367 33.08515503599232))",-5.809599202882624,/Users/xingchen/Documents/PhD_learning/Acoustic_project/Analysis/echo_complex/pool/pool_0593.json
467,7538,368.441340105469,738615.983721089,256354.071308472,776736.601432078,35.5996450640032,33.0852276304984,17.4817120794091,17.7532496294089,742648.155916211,3663741.55728237,8.10181520658779,9.77836244,4.56667941984962,742648.1555872157,3663741.5751664722,"POLYGON ((35.59961998551866 33.08533861012959, 35.59963965877353 33.08539009420686, 35.59976197454787 33.0853569713711, 35.5997062217911 33.08521106909755, 35.59968654854531 33.08515958502942, 35.59956423300599 33.08519270777995, 35.59961998551866 33.08533861012959))",17.831934986236245,/Users/xingchen/Documents/PhD_learning/Acoustic_project/Analysis/echo_complex/pool/pool_0593.json
468,7538,383.441340105469,738615.983996372,256359.36197252,776753.263338666,35.599702401369,33.0853776798849,16.5600247116402,22.1638056649988,742653.096741476,3663758.33165511,5.25517222326746,9.797603802,5.53102315594489,742653.0964124463,3663758.3495396664,"POLYGON ((35.59968757256294 33.08548995788276, 35.59971190737618 33.08554001016999, 35.5998308216985 33.08549903900006, 35.59976185844054 33.08535719432283, 35.59973752365728 33.08530714204295, 35.59961860953787 33.0853481131143, 35.59968757256294 33.08548995788276))",22.258450315072686,/Users/xingchen/Documents/PhD_learning/Acoustic_project/Analysis/echo_complex/pool/pool_0593.json
469,7538,398.441340105469,738615.984235861,256365.576920735,776768.612893616,35.5997695854316,33.0855158652847,13.9907232682127,49.1514161879361,742658.989495592,3663773.81300689,8.86653439415355,9.926922276,5.81922039502231,742658.9891665216,3663773.830891971,"POLYGON ((35.59981698254445 33.08562155435855, 35.5998656776584 33.08565683188148, 35.59994949012343 33.08557484684007, 35.59981149166791 33.08547487280282, 35.59976279667963 33.08543959525175, 35.59967898415213 33.0855215801713, 35.59981698254445 33.08562155435855))",49.2851706114347,/Users/xingchen/Documents/PhD_learning/Acoustic_project/Analysis/echo_complex/pool/pool_0593.json
470,7538,413.441340105469,738615.984306693,256376.146955426,776777.778847149,35.5998831656326,33.0855981493836,13.9907232682127,49.1513896688976,742669.367667174,3663783.20183111,1.33381417233958,9.451810049,5.34266665849342,742669.3673380261,3663783.2197170993,"POLYGON ((35.59993056273363 33.08570383847211, 35.59997925787037 33.0857391160115, 35.60006307045366 33.08565713100918, 35.59992507192803 33.08555715692125, 35.59987637691699 33.08552187935373, 35.5997925642712 33.08560386423418, 35.59993056273363 33.08570383847211))",49.2851438910256,/Users/xingchen/Documents/PhD_learning/Acoustic_project/Analysis/echo_complex/pool/pool_0593.json
471,7538,428.441340105469,738615.984377524,256386.716990118,776786.944800683,35.5999967458336,33.0856804334824,9.52110076197401,334.887455009622,742679.745818832,3663792.5906676,9.32826642830267,8.289272456,5.53354855693576,742679.7454896099,3663792.608554491,"POLYGON ((35.59988842731217 33.08574712344279, 35.59986105638124 33.08579605180524, 35.59997730093923 33.08584213446029, 35.60005486805091 33.08570347476332, 35.60008223884625 33.08565454636432, 35.59996599449423 33.08560846379653, 35.59988842731217 33.08574712344279))",-25.216624957319258,/Users/xingchen/Documents/PhD_learning/Acoustic_project/Analysis/echo_complex/pool/pool_0593.json
472,7538,443.441340105469,738615.984449361,256382.628195355,776795.543237581,35.599953299492,33.0857580985329,17.5760570687571,297.96825993806,742675.475949387,3663801.10379834,6.22152601489293,8.357664258,5.49075349115526,742675.4756201972,3663801.121684883,"POLYGON ((35.5998191135206 33.08575662719404, 35.59976231348333 33.08578189742742, 35.59982235079222 33.08587752804785, 35.59998331822084 33.0858059137971, 35.60004011820278 33.08578064346533, 35.59998008073837 33.08568501295699, 35.5998191135206 33.08575662719404))",-62.14360791824612,/Users/xingchen/Documents/PhD_learning/Acoustic_project/Analysis/echo_complex/pool/pool_0593.json
473,7538,458.441340105469,738615.984521987,256367.057995019,776803.697171822,35.599786863424,33.0858321457524,39.9667835612834,280.907292425229,742659.733171867,3663808.93105161,10.5655234565552,9.727400032,5.80671507873658,742659.7328427767,3663808.94893683,"POLYGON ((35.59965905112145 33.08579771376307, 35.59959595650913 33.08580790067263, 35.59962015867304 33.08591412903636, 35.59979896461559 33.08588525991085, 35.59986205925202 33.08587507289693, 35.5998378568141 33.08576884459347, 35.59965905112145 33.08579771376307))",-79.14284426560975,/Users/xingchen/Documents/PhD_learning/Acoustic_project/Analysis/echo_complex/pool/pool_0593.json
474,7538,473.441340105469,738615.984610647,256327.778549023,776811.077477402,35.5993664572559,33.0859000220061,10.5877087179352,273.327938294736,742620.295641298,3663815.48624151,3.86195319653349,8.83362512,7.18684765585455,742620.295312478,3663815.5041233813,"POLYGON ((35.59924512193704 33.08585176067901, 35.59918098462278 33.08585488538413, 35.599188408309 33.08596286921482, 35.59937016921253 33.08595401391025, 35.59943430658515 33.08595088910449, 35.599426882601 33.08584290530305, 35.59924512193704 33.08585176067901))",-86.68769730062013,
475,7538,488.441340105469,738615.984641641,256317.206300857,776811.649442981,35.5992532458357,33.0859055376404,8.39491461143961,277.579902502876,742609.710575974,3663815.83602139,1.82832174142676,8.180760421,6.04920448013541,742609.7102472235,3663815.8539023595,"POLYGON ((35.5991280103924 33.08586494608531, 35.59906432190257 33.08587204691209, 35.59908119212128 33.0859792750684, 35.59926168105736 33.08595915170044, 35.59932536958668 33.08595205077049, 35.599308499081 33.08584482266119, 35.5991280103924 33.08586494608531))",-82.4553777691156,/Users/xingchen/Documents/PhD_learning/Acoustic_project/Analysis/echo_complex/pool/pool_0548.json
476,7538,503.441340105469,738615.984684261,256308.8799755,776812.720375931,35.5991641095251,33.0859154758028,12.7233826402174,284.982189842111,742601.36111279,3663816.73200827,7.11687569907886,8.180760421,6.04920448013541,742601.3607840964,3663816.749888525,"POLYGON ((35.59903372324684 33.08588874349542, 35.59897164297372 33.08590266323018, 35.5990047136705 33.08600718370392, 35.59918064497786 33.08596773601004, 35.59924272525583 33.08595381617057, 35.59920965430587 33.08584929577215, 35.59903372324684 33.08588874349542))",-75.08520755032322,/Users/xingchen/Documents/PhD_learning/Acoustic_project/Analysis/echo_complex/pool/pool_0548.json
477,7538,518.441340105469,738615.984716945,256296.573022627,776815.94890141,35.5990324253462,33.085945002332,19.5606837104614,292.5276324714,742588.985366466,3663819.70207237,5.25674123073377,7.767443748,6.93355902401986,742588.9850378574,3663819.719951584,"POLYGON ((35.59889900520051 33.08593285935687, 35.5988396216888 33.08595349642759, 35.5988886515687 33.0860534764842, 35.59905694037536 33.0859949923204, 35.59911632385628 33.08597435514728, 35.59906729377482 33.08587437518975, 35.59889900520051 33.08593285935687))",-67.56791249805387,/Users/xingchen/Documents/PhD_learning/Acoustic_project/Analysis/echo_complex/pool/pool_0548.json
478,7538,533.441340105469,738615.984743831,256278.464517138,776823.345006886,35.5988387710301,33.0860123015436,22.2411210841245,311.4490066577,742570.720032941,3663826.71808405,10.7522524005521,8.074027653,4.82651382052503,742570.7197044569,3663826.735961724,"POLYGON ((35.59870786275065 33.08603716101414, 35.59865960887889 33.08607286588582, 35.59874443720782 33.08615410758933, 35.59888118522208 33.08605292234033, 35.59892943898785 33.08601721738761, 35.59884461063771 33.08593597581048, 35.59870786275065 33.08603716101414))",-48.685132466779145,/Users/xingchen/Documents/PhD_learning/Acoustic_project/Analysis/echo_complex/pool/pool_0548.json
479,7538,548.441340105469,738615.984813785,256261.704322009,776837.965654146,35.5986598481442,33.0861446935095,14.6229675010439,326.216806801658,742553.651245237,3663840.98751564,9.19266469044821,8.662570391,4.52121545936446,742553.6509168654,3663841.005391888,"POLYGON ((35.59854080122542 33.0861968380238, 35.59850496115074 33.08624172257409, 35.59861159893251 33.08630206389037, 35.5987131670047 33.08617486411438, 35.5987490069445 33.08612997951028, 35.5986423692931 33.08606963830459, 35.59854080122542 33.0861968380238))",-33.908288499457214,/Users/xingchen/Documents/PhD_learning/Acoustic_project/Analysis/echo_complex/pool/pool_0548.json
480,7538,563.441340105469,738615.98484731,256253.501159302,776850.070995948,35.5985724744122,33.0862541168003,8.21895324999027,355.582476019491,742545.19300577,3663852.92132705,2.03648488152494,7.851285483,3.05874272836599,742545.1926774499,3663852.9392026006,"POLYGON ((35.59849930434275 33.08634881722516, 35.59849433261987 33.08640273731503, 35.59862243742248 33.08641110776571, 35.59863652670413 33.08625830200727, 35.59864149833771 33.08620438191527, 35.59851339383619 33.08619601146928, 35.59849930434275 33.08634881722516))",-4.438340316233143,/Users/xingchen/Documents/PhD_learning/Acoustic_project/Analysis/echo_complex/pool/pool_0548.json
481,7538,578.441340105469,738615.984864729,256252.834364911,776858.262856406,35.5985656620686,33.0863279997577,9.7744615456409,353.628657060977,742544.353961215,3663861.09978357,9.12406261883883,7.851285483,3.05874272836599,742544.3536328948,3663861.117659067,"POLYGON ((35.59848868162912 33.08642053482311, 35.59848151887331 33.08647427991842, 35.59860920802926 33.08648633923809, 35.59862950653953 33.08633402939603, 35.59863666919916 33.08628028429612, 35.5985089803416 33.08626822498976, 35.59848868162912 33.08642053482311))",-6.401236524311978,/Users/xingchen/Documents/PhD_learning/Acoustic_project/Analysis/echo_complex/pool/pool_0548.json
482,7538,593.441340105469,738615.984878894,256251.708146737,776867.972219472,35.5985539900181,33.0864155805439,10.9120370378505,351.974054157903,742543.023557652,3663870.78619842,3.68814648518045,8.436131457,3.17507791390018,742543.023229342,3663870.804073825,"POLYGON ((35.59847385339199 33.08650619696042, 35.59846484173276 33.0865597445404, 35.59859206175523 33.08657491670369, 35.59861759992466 33.08642316660142, 35.59862661148222 33.08636961901459, 35.59849939175476 33.08635444687187, 35.59847385339199 33.08650619696042))",-8.063418775159427,/Users/xingchen/Documents/PhD_learning/Acoustic_project/Analysis/echo_complex/pool/pool_0548.json
483,7538,608.441340105469,738615.984891193,256250.13697318,776878.7705511,35.5985375960051,33.086512994873,14.4373211313729,355.574533292632,742541.225275344,3663881.55230996,9.12326907069471,7.989934807,3.8380383967057,742541.2249470463,3663881.5701852287,"POLYGON ((35.59846441005286 33.08660768671434, 35.59845942939457 33.08666160621985, 35.5985875331895 33.08666999168945, 35.59860164779319 33.08651718758944, 35.59860662836214 33.0864632680818, 35.5984785248683 33.0864548826169, 35.59846441005286 33.08660768671434))",-4.446320032747644,/Users/xingchen/Documents/PhD_learning/Acoustic_project/Analysis/echo_complex/pool/pool_0548.json
484,7538,623.441340105469,738615.984931827,256248.963690303,776893.160118458,35.5985256080046,33.0866427754367,15.8669625529972,356.570178605788,742539.749420376,3663895.91828938,9.37965674023291,7.989934807,3.8380383967057,742539.7490920816,3663895.9361645444,"POLYGON ((35.59845439686187 33.0867385284004, 35.59845053516551 33.08679251288459, 35.59857879352899 33.08679901443723, 35.59858973707597 33.08664602619628, 35.59859359868666 33.08659204171114, 35.59846534062511 33.08658554015879, 35.59845439686187 33.0867385284004))",-3.4460089627658697,/Users/xingchen/Documents/PhD_learning/Acoustic_project/Analysis/echo_complex/pool/pool_0548.json
485,7538,638.441340105469,738615.984983862,256247.950507621,776908.99469965,35.5985153928616,33.0867855792773,23.7822317405195,358.864982034298,742538.403301905,3663911.73275614,8.5066703629786,8.239644584,4.70432197485088,742538.4029736158,3663911.750631232,"POLYGON ((35.59844881526996 33.08688366635028, 35.59844753660773 33.08693773791006, 35.59857600205644 33.08693989061672, 35.5985796254738 33.08678665561766, 35.59858090405923 33.08673258405943, 35.59845243891298 33.08673043134291, 35.59844881526996 33.08688366635028))",-1.1403863182267169,/Users/xingchen/Documents/PhD_learning/Acoustic_project/Analysis/echo_complex/pool/pool_0548.json
486,7538,653.441340105469,738615.98502674,256247.387932121,776932.770276517,35.5985103232686,33.0869999663631,22.3411411672346,356.338612095659,742537.340892273,3663935.49828392,11.2945846944153,7.613031455,3.1445187893571,742537.340563993,3663935.516158961,"POLYGON ((35.59843865054739 33.08709547511667, 35.5984345284656 33.08714944595339, 35.59856275493092 33.08715638586717, 35.5985744363911 33.08700343630288, 35.59857855838636 33.08694946546494, 35.59845033222282 33.08694252555247, 35.59843865054739 33.08709547511667))",-3.678662443671253,
487,7538,668.441340105469,738615.98506108,256245.870824852,776955.05984749,35.5984949702058,33.087200987456,12.8172955468188,354.598979366173,742535.355114466,3663957.75762904,7.52213122370518,7.99850631,3.86986570742052,742535.3547861896,3663957.7755039656,"POLYGON ((35.59841987028525 33.08729461160635, 35.59841379468995 33.08734845150122, 35.59854171035442 33.08735868034856, 35.59855892792977 33.08720610185973, 35.59856500343223 33.08715226196151, 35.59843708806768 33.0871420331232, 35.59841987028525 33.08729461160635))",-5.426420539551118,/Users/xingchen/Documents/PhD_learning/Acoustic_project/Analysis/echo_complex/pool/pool_0549.json
488,7538,683.441340105469,738615.985088751,256244.610836832,776967.815061927,35.5984819876823,33.0873160351011,12.7409127644382,7.03031290348567,742533.826899421,3663970.48730985,9.35872366647516,7.99850631,3.86986570742052,742533.8265711489,3663970.5051846593,"POLYGON ((35.59843271742746 33.08742111569003, 35.59844061737495 33.08747478753286, 35.59856813392224 33.08746148707784, 35.59854574584337 33.08730938487415, 35.59853784585422 33.08725571303912, 35.59841032959547 33.08726901344908, 35.59843271742746 33.08742111569003))",7.0632378287508235,/Users/xingchen/Documents/PhD_learning/Acoustic_project/Analysis/echo_complex/pool/pool_0549.json
489,7538,698.441340105469,738615.985112069,256246.130044551,776980.465076393,35.5984987681123,33.0874300401627,16.9064315350961,20.0173856734187,742535.080299826,3663983.17020515,6.69027791771001,7.772051948,4.77720427326825,742535.0799715421,3663983.1880800924,"POLYGON ((35.5984789364619 33.08754176963414, 35.59850101994719 33.08759255651393, 35.59862168236506 33.0875553766481, 35.59855909922662 33.0874114502499, 35.5985370157612 33.08736066337851, 35.59841635356256 33.08739784315199, 35.5984789364619 33.08754176963414))",20.104518299535595,/Users/xingchen/Documents/PhD_learning/Acoustic_project/Analysis/echo_complex/pool/pool_0549.json
490,7538,713.441340105469,738615.985138447,256251.881716147,776996.363054286,35.5985610120044,33.0875731866028,17.0714183508401,28.0173231504561,742540.498201409,3663999.19027959,3.03389669776942,7.830740692,4.74679052153301,742540.4978730902,3663999.208155026,"POLYGON ((35.59855990411059 33.0876861525464, 35.59859019404114 33.08773384678634, 35.59870350894757 33.08768285062219, 35.59861766938404 33.08754768855022, 35.59858737951002 33.08749999431328, 35.59847406475663 33.08755099036481, 35.59855990411059 33.0876861525464))",28.12961194044298,/Users/xingchen/Documents/PhD_learning/Acoustic_project/Analysis/echo_complex/pool/pool_0549.json
491,7538,728.441340105469,738615.985170081,256259.873759414,777011.448165122,35.5986472194633,33.0877089280944,13.2804767896928,19.9285865702418,742548.17372677,3664014.44452387,6.08687505211784,8.188230958,4.79501067659636,742548.1733983936,3664014.4623999926,"POLYGON ((35.59862718132784 33.08782063145694, 35.59864917101138 33.08787144718486, 35.5987699023551 33.08783442536227, 35.59870758504035 33.08769041720313, 35.59868559537625 33.08763960148363, 35.5985648642524 33.0876766232141, 35.59862718132784 33.08782063145694))",20.01539718134864,/Users/xingchen/Documents/PhD_learning/Acoustic_project/Analysis/echo_complex/pool/pool_0549.json
492,7538,743.441340105469,738615.985198556,256264.372411664,777023.943491916,35.5986959060917,33.0878214375248,11.167882309175,352.600663417265,742552.410041482,3664027.0353544,10.5991413241361,7.82230721,3.54480029552153,742552.4097130789,3664027.053230905,"POLYGON ((35.59861695563809 33.08791278957163, 35.5986086432146 33.08796641724649, 35.59873605558475 33.08798041193474, 35.59875961217116 33.08782843484578, 35.59876792449501 33.08777480716493, 35.59864051242129 33.08776081249452, 35.59861695563809 33.08791278957163))",-7.433951497333574,/Users/xingchen/Documents/PhD_learning/Acoustic_project/Analysis/echo_complex/pool/pool_0549.json
493,7538,758.441340105469,738615.985219978,256262.88589388,777035.011999501,35.5986804295811,33.0879212849743,12.1858598256122,341.719653466267,742550.690732364,3664038.07344063,7.19370457820564,8.056518995,3.53023444120025,742550.690403969,3664038.091317015,"POLYGON ((35.59858233940512 33.08799838252525, 35.59856210153821 33.08804971146333, 35.5986840525517 33.08808378374186, 35.59874140500532 33.08793832107471, 35.59876164274482 33.08788699211305, 35.59863969198398 33.08785291989764, 35.59858233940512 33.08799838252525))",-18.361040650232585,/Users/xingchen/Documents/PhD_learning/Acoustic_project/Analysis/echo_complex/pool/pool_0549.json
494,7538,773.441340105469,738615.985237607,256259.003894057,777046.562984613,35.5986393149165,33.0880255636986,13.9566409228234,348.532770696947,742546.565618239,3664049.54368284,6.63484586296991,7.761647886,4.67367737947283,742546.5652898678,3664049.5615588874,"POLYGON ((35.59855283232474 33.08811194789384, 35.59854000160442 33.08816494065419, 35.59866590579777 33.08818654227701, 35.59870226691455 33.0880363644806, 35.59871509752289 33.08798337170827, 35.59858919361438 33.08796177012088, 35.59855283232474 33.08811194789384))",-11.520032368927534,/Users/xingchen/Documents/PhD_learning/Acoustic_project/Analysis/echo_complex/pool/pool_0549.json
495,7538,788.441340105469,738615.985254851,256256.165270589,777060.227904761,35.5986094605869,33.0881488669813,14.8891934086513,354.256066175196,742543.439519275,3664063.14995149,8.73952710452632,7.761647886,4.67367737947283,742543.4391909171,3664063.1678273007,"POLYGON ((35.59853369249128 33.08824210930612, 35.59852723237757 33.0882959174653, 35.59865507403409 33.08830679357231, 35.5986733813073 33.0881543050143, 35.59867984132697 33.08810049685133, 35.59855199996989 33.08808962075486, 35.59853369249128 33.08824210930612))",-5.770924600023597,/Users/xingchen/Documents/PhD_learning/Acoustic_project/Analysis/echo_complex/pool/pool_0549.json
496,7538,803.441340105469,738615.985279318,256254.612524266,777075.035911353,35.5985934249771,33.0882824331458,15.433987952255,0.0233804077519401,742541.575364692,3664077.92642336,5.0526546405554,8.013513115,4.75763802794037,742541.5750363504,3664077.9442990376,"POLYGON ((35.59852922679142 33.08838163836155, 35.59852925309613 33.08843572061529, 35.59865774615825 33.08843567626079, 35.59865767139537 33.08828241095751, 35.59865764501852 33.08822832870648, 35.5985291522584 33.08822837304599, 35.59852922679142 33.08838163836155))",0.02349102264721618,/Users/xingchen/Documents/PhD_learning/Acoustic_project/Analysis/echo_complex/pool/pool_0549.json
497,7538,818.441340105469,738615.985314658,256254.560899173,777090.469812965,35.5985934927544,33.0884215917489,14.9517465109193,3.63060577474938,742541.199283486,3664093.3603932,2.11364241688511,7.865349091,4.77367785357008,742541.1989551445,3664093.378268882,"POLYGON ((35.59853687249428 33.08852401468382, 35.59854095996237 33.08857798737537, 35.59866919291671 33.0885711057145, 35.59865760911804 33.08841815091341, 35.59865352159304 33.08836417822759, 35.59852528893603 33.08837105985776, 35.59853687249428 33.08852401468382))",3.647735302074648,/Users/xingchen/Documents/PhD_learning/Acoustic_project/Analysis/echo_complex/pool/pool_0549.json
498,7538,833.441340105469,738615.985349894,256255.456123691,777105.394734967,35.5986036816387,33.0885561291735,15.2678623871161,2.73406902549709,742541.780821345,3664108.30525004,1.64222384874855,8.283785213,4.71619645999656,742541.7804929942,3664108.3231257936,"POLYGON ((35.59854515554149 33.08865779017388, 35.59854823456896 33.08871181028542, 35.59867658038753 33.08870662642616, 35.59866785443447 33.08855353723732, 35.59866477534623 33.08849951713084, 35.59853642982659 33.08850470096329, 35.59854515554149 33.08865779017388))",2.746983670412594,/Users/xingchen/Documents/PhD_learning/Acoustic_project/Analysis/echo_complex/pool/pool_0549.json
499,7538,848.441340105469,738615.985371717,256256.130574056,777120.647693322,35.5986115190639,33.0886936317465,16.0945683966691,0.612189625434009,742542.134671233,3664123.57352667,4.76759841341235,8.641300495,5.51946666642925,742542.1343428807,3664123.5914024813,"POLYGON ((35.59854854081776 33.08879338965234, 35.59854923047622 33.08884746879078, 35.59867771674239 33.08884630762867, 35.59867576208395 33.08869305115538, 35.59867507235575 33.0886389720202, 35.59854658639116 33.08864013316474, 35.59854854081776 33.08879338965234))",0.6150855544292572,/Users/xingchen/Documents/PhD_learning/Acoustic_project/Analysis/echo_complex/pool/pool_0549.json
500,7538,863.441340105469,738615.985400922,256256.242916525,777136.741869631,35.5986133696646,33.0888387380299,17.3637587708088,0.253911693684979,742541.908684972,3664139.67126741,6.98933504573426,7.949005646,4.49906512304489,742541.9083566179,3664139.689143244,"POLYGON ((35.59854964801666 33.08893816089235, 35.59854993404326 33.08899224260971, 35.59867842665123 33.08899176099415, 35.5986776158557 33.08883849721146, 35.59867732975789 33.08878441549702, 35.59854883745177 33.08878489709659, 35.59854964801666 33.08893816089235))",0.2551128613199776,/Users/xingchen/Documents/PhD_learning/Acoustic_project/Analysis/echo_complex/pool/pool_0549.json
501,7538,878.441340105469,738615.985435867,256256.255025984,777154.105624179,35.5986141977624,33.0889952946143,18.8409342373286,4.26949059562708,742541.555768369,3664157.03657412,7.98477386808071,7.984140182,3.17360274822542,742541.555440007,3664157.0544499517,"POLYGON ((35.59855894375153 33.08909824505909, 35.59856374926982 33.08915217581253, 35.59869188342674 33.0891440853078, 35.59867826472738 33.08899124935795, 35.59867345915499 33.08893731861069, 35.59854532529409 33.08894540908199, 35.59855894375153 33.08909824505909))",4.2896133673526675,/Users/xingchen/Documents/PhD_learning/Acoustic_project/Analysis/echo_complex/pool/pool_0549.json
502,7538,893.441340105469,738615.985463795,256257.593726824,777172.898939028,35.5986292923966,33.0891646956365,14.1317634185798,10.1243400103592,742542.499487578,3664175.85943604,8.05672889584726,8.14112163,2.68835911789136,742542.4991592024,3664175.877311988,"POLYGON ((35.59858686168802 33.08927187037934, 35.59859820711882 33.08932510269542, 35.59872468209139 33.08930600181581, 35.59869252977257 33.08915514520223, 35.59868118431444 33.08910191289517, 35.59855470961891 33.0891210137172, 35.59858686168802 33.08927187037934))",10.171238153997287,/Users/xingchen/Documents/PhD_learning/Acoustic_project/Analysis/echo_complex/pool/pool_0549.json
503,7538,908.441340105469,738615.985491362,256260.037011645,777186.817886423,35.5986560221619,33.0892901104443,10.2948888432961,12.9740608618014,742544.650343112,3664189.83078754,8.80231314923155,8.14112163,2.68835911789136,742544.6500147209,3664189.8486636938,"POLYGON ((35.59862000165622 33.08939893495964, 35.59863449056266 33.08945162399554, 35.59875967492611 33.08942723089528, 35.59871861423653 33.08927791390418, 35.59870412531627 33.0892252248778, 35.59857894121636 33.08924961790955, 35.59862000165622 33.08939893495964))",13.033347024708805,
504,7538,923.441340105469,738615.985509987,256262.321011349,777196.856217044,35.598680889803,33.0893805417955,11.0656791209312,14.1367809676339,742546.72348222,3664199.91788383,7.1568685024043,7.532235217,2.707095785968,742546.7231538162,3664199.935760188,"POLYGON ((35.59864751108566 33.08948996158194, 35.59866327245881 33.08954239114411, 35.59878784046263 33.08951585579006, 35.59874317369945 33.08936727413023, 35.59872741231803 33.08931484457764, 35.59860284457147 33.08934137985892, 35.59864751108566 33.08948996158194))",14.200958824401015,/Users/xingchen/Documents/PhD_learning/Acoustic_project/Analysis/echo_complex/pool/pool_0550.json
505,7538,938.441340105469,738615.985525728,256264.995372711,777207.593863234,35.5987099667892,33.0894772651642,12.6497574362902,15.2697721783179,742549.172310735,3664210.71255451,9.91394443618062,7.532235217,2.707095785968,742549.1719823092,3664210.730431086,"POLYGON ((35.59867917542654 33.08958722124547, 35.59869617033286 33.08963937704778, 35.59882008804207 33.08961076499355, 35.59877192554009 33.08946295915054, 35.59875493063095 33.08941080335778, 35.59863101317248 33.08943941533518, 35.59867917542654 33.08958722124547))",15.338614413431008,/Users/xingchen/Documents/PhD_learning/Acoustic_project/Analysis/echo_complex/pool/pool_0550.json
506,7538,953.441340105469,738615.98553995,256268.295681007,777219.805510475,35.5987458076333,33.089587257376,14.6740106302022,21.921868691011,742552.216142805,3664222.9944961,2.93005548865405,7.126791872,2.73106962394862,742552.215814362,3664223.012372971,"POLYGON ((35.5987304130726 33.08969948141026, 35.59875449690552 33.08974962004322, 35.59887362212532 33.08970907339341, 35.59880537015297 33.08956698407371, 35.5987812863489 33.08951684544824, 35.59866216133396 33.08955739200011, 35.5987304130726 33.08969948141026))",22.015684024121406,/Users/xingchen/Documents/PhD_learning/Acoustic_project/Analysis/echo_complex/pool/pool_0550.json
507,7538,968.441340105469,738615.985565828,256273.745240286,777233.430079887,35.5988047261093,33.0897099161024,15.4586815314965,24.6847377394627,742557.379687687,3664236.73464791,5.03100021653965,7.692404107,2.32154668491663,742557.3793592063,3664236.7525252393,"POLYGON ((35.5987957965887 33.08982263550739, 35.59882273264738 33.08987173508889, 35.59893938932315 33.08982638661077, 35.59886305436403 33.08968724188926, 35.59883611834699 33.0896381423135, 35.59871946185362 33.08968349068644, 35.5987957965887 33.08982263550739))",24.787505687848594,/Users/xingchen/Documents/PhD_learning/Acoustic_project/Analysis/echo_complex/pool/pool_0550.json
508,7538,983.441340105469,738615.985595254,256280.173584664,777247.488786202,35.5988741459315,33.089836455962,16.5652283913746,29.9242322368453,742563.512956255,3664250.92954803,7.46634797042775,7.874034501,2.90675411030339,742563.5126277211,3664250.9474259033,"POLYGON ((35.59887751534981 33.08994939009985, 35.59890967926683 33.08999620718718, 35.599020913064 33.08994205738919, 35.59892976276242 33.08980938109431, 35.59889759891011 33.08976256400808, 35.59878636524827 33.08981671368986, 35.59887751534981 33.08994939009985))",30.04128196381728,/Users/xingchen/Documents/PhD_learning/Acoustic_project/Analysis/echo_complex/pool/pool_0550.json
509,7538,998.441340105469,738615.985627118,256288.412588258,777261.859785173,35.5989629725914,33.0899657501405,15.1362352603946,21.6325484128017,742571.450456971,3664265.47482976,9.11435658859509,7.874034501,2.90675411030339,742571.4501283858,3664265.4927083473,"POLYGON ((35.5989469026656 33.09007790706438, 35.59897068449271 33.09012814776697, 35.59909005274101 33.09008810973597, 35.59902265662463 33.08994573114723, 35.59899887482501 33.08989549045229, 35.59887950678382 33.08993552838617, 35.5989469026656 33.09007790706438))",21.725373211271258,/Users/xingchen/Documents/PhD_learning/Acoustic_project/Analysis/echo_complex/pool/pool_0550.json
510,7538,1013.44134010547,738615.985646978,256293.96250059,777275.941833709,35.5990229848843,33.0900925301383,14.3733379206144,14.5015494667303,742576.70473783,3664279.67460859,6.3869064182696,4.219715213,2.87543524917144,742576.7044092062,3664279.6924876506,"POLYGON ((35.59899043756584 33.09020212729538, 35.59900659691147 33.09025447095387, 35.5991309618313 33.09022726581006, 35.59908516723929 33.09007892757871, 35.59906900788715 33.09002658392981, 35.59894464322254 33.09005378899953, 35.59899043756584 33.09020212729538))",14.567239371741225,/Users/xingchen/Documents/PhD_learning/Acoustic_project/Analysis/echo_complex/pool/pool_0550.json
511,7538,1028.44134010547,738615.985665997,256297.525308075,777289.866604652,35.5990617069792,33.0902179594013,13.7781535412344,2.63178818694494,742579.975067264,3664293.67532394,1.74002936909688,7.856988676,2.69196290555809,742579.9747386116,3664293.693203302,"POLYGON ((35.59900296328272 33.09031953184795, 35.59900592726267 33.09037355649457, 35.59913428630509 33.09036856642228, 35.59912588638689 33.09021546435844, 35.59912292234573 33.09016143971681, 35.59899456360242 33.09016642976272, 35.59900296328272 33.09031953184795))",2.644220612325577,/Users/xingchen/Documents/PhD_learning/Acoustic_project/Analysis/echo_complex/pool/pool_0550.json
512,7538,1043.44134010547,738615.985694715,256298.10920019,777303.632380511,35.5990685154269,33.0903420560777,16.2731478476498,356.519177255579,742580.269603152,3664307.4544061,5.43184102251984,8.121805223,2.72222034182241,742580.2692744948,3664307.4722855235,"POLYGON ((35.59899719961869 33.09043775533726, 35.59899328041008 33.09049173684754, 35.59912153715468 33.09049833494861, 35.59913264368885 33.0903453551114, 35.59913656281159 33.09029137360013, 35.59900830636894 33.09028477549957, 35.59899719961869 33.09043775533726))",-3.4972484394479175,/Users/xingchen/Documents/PhD_learning/Acoustic_project/Analysis/echo_complex/pool/pool_0550.json
513,7538,1058.44134010547,738615.985726774,256297.05547052,777319.871376621,35.5990578827494,33.090488507576,21.0588859411454,357.543420198249,742578.874396366,3664323.67246564,7.72438112103312,8.501949678,2.85619741293775,742578.8740677207,3664323.6903449623,"POLYGON ((35.59898862010782 33.09058526954258, 35.59898585324475 33.09063930159564, 35.5991142302905 33.09064395966165, 35.59912207116104 33.09049083659386, 35.59912483794211 33.09043680454096, 35.59899646119882 33.09043214647093, 35.59898862010782 33.09058526954258))",-2.468186602152725,/Users/xingchen/Documents/PhD_learning/Acoustic_project/Analysis/echo_complex/pool/pool_0550.json
514,7538,1073.44134010547,738615.985760626,256296.069483066,777340.907167688,35.5990481688348,33.0906782061519,21.3294737218525,9.24999072271992,742577.446094802,3664344.68910355,5.58614839232264,8.436191612,2.69150160051495,742577.4457661584,3664344.706982798,"POLYGON ((35.59900379085462 33.09078482080582, 35.59901416583678 33.09083819323092, 35.59914097590057 33.09082072647139, 35.59911157375559 33.09066947277629, 35.599101198742 33.09061610035993, 35.59897438895887 33.09063356706535, 35.59900379085462 33.09078482080582))",9.292987021303473,/Users/xingchen/Documents/PhD_learning/Acoustic_project/Analysis/echo_complex/pool/pool_0550.json
515,7538,1088.44134010547,738615.985795438,256299.434672244,777361.969502578,35.5990850619918,33.0908679965528,6.4216973016894,17.3921940945205,742580.368733142,3664365.82376341,2.21612437711312,8.605292745,2.87134932938552,742580.3684044748,3664365.841642945,"POLYGON ((35.59905914834609 33.09097884031538, 35.59907843555595 33.09103042810553, 35.59920100566828 33.09099795733464, 35.59914634694798 33.09085176118388, 35.59912705974546 33.09080017340296, 35.59900448987062 33.09083264408977, 35.59905914834609 33.09097884031538))",17.469474766621687,/Users/xingchen/Documents/PhD_learning/Acoustic_project/Analysis/echo_complex/pool/pool_0550.json
516,7538,1103.44134010547,738615.985810541,256301.33940576,777368.102217024,35.5991057108568,33.090923226414,6.97093973701377,17.1558252470775,742582.144678696,3664371.99698114,4.73183249099156,8.605292745,2.87134932938552,742582.1443500179,3664372.014860835,"POLYGON ((35.5990792520714 33.09103397888597, 35.59909828531761 33.09108563347085, 35.5992210142095 33.091053590277, 35.59916707520231 33.09090720483326, 35.59914804196232 33.09085555025765, 35.59902531330945 33.09088759336821, 35.5990792520714 33.09103397888597))",17.2321860054391,/Users/xingchen/Documents/PhD_learning/Acoustic_project/Analysis/echo_complex/pool/pool_0550.json
517,7538,1118.44134010547,738615.985823114,256303.379459259,777374.767963984,35.5991278306563,33.090983257667,9.87739766780488,16.7568659716719,742584.04474856,3664378.70611624,8.98831444894671,8.203264448,3.20782446286186,742584.0444198634,3664378.7239961163,"POLYGON ((35.59910045276353 33.09109385174035, 35.59911905659454 33.09114561705936, 35.59924204867142 33.09111429682219, 35.59918932659357 33.09096759756404, 35.59917072276686 33.09091583225437, 35.59904773093159 33.09094715240959, 35.59910045276353 33.09109385174035))",16.8316624860898,/Users/xingchen/Documents/PhD_learning/Acoustic_project/Analysis/echo_complex/pool/pool_0550.json
518,7538,1133.44134010547,738615.985832255,256306.203993069,777384.232898925,35.5991584659515,33.0910685006501,9.87739766770165,16.7568506437277,742586.670510032,3664388.23114144,7.66039736409683,8.203264448,3.20782446286186,742586.6701813219,3664388.2490215497,"POLYGON ((35.59913108799748 33.09117909471543, 35.59914969182939 33.09123086003717, 35.59927268403317 33.09119953982913, 35.59921996195222 33.09105284056171, 35.59920135812461 33.09100107524931, 35.59907836616244 33.09103239537538, 35.59913108799748 33.09117909471543))",16.83164687953862,/Users/xingchen/Documents/PhD_learning/Acoustic_project/Analysis/echo_complex/pool/pool_0550.json
519,7538,1148.44134010547,738615.985841396,256309.028526878,777393.697833867,35.5991891012466,33.0911537436333,18.941563883574,13.1707188939972,742589.296265462,3664397.75616776,8.62775786089503,7.285500688,2.77124066482738,742589.2959367259,3664397.77404812,"POLYGON ((35.59915352582396 33.09126267197971, 35.59916823069641 33.09131531863326, 35.59929331703901 33.09129056246969, 35.59925164431106 33.09114136556182, 35.59923693942574 33.09108871891782, 35.59911185334567 33.09111347501214, 35.59915352582396 33.09126267197971))",13.230836981680529,/Users/xingchen/Documents/PhD_learning/Acoustic_project/Analysis/echo_complex/pool/pool_0550.json
520,7538,1163.44134010547,738615.985883757,256313.294391711,777412.152785495,35.5992355372548,33.0913199944564,21.8765069267933,12.2866347388069,742593.174465082,3664416.30218569,7.13120904967834,8.823002976,3.14164958380836,742593.1741363169,3664416.3200664227,"POLYGON ((35.5991979608547 33.09142844569276, 35.59921169485295 33.09148127782623, 35.5993372221302 33.09145815620238, 35.59929830078546 33.09130843365342, 35.5992845667701 33.09125560152943, 35.59915903975992 33.09127872308733, 35.5991979608547 33.09142844569276))",12.342979336144177,/Users/xingchen/Documents/PhD_learning/Acoustic_project/Analysis/echo_complex/pool/pool_0550.json
521,7538,1178.44134010547,738615.985936929,256317.890377124,777433.541064373,35.5992856274752,33.0915126818529,14.6117256381486,350.314552874563,742597.321124221,3664437.7886936,5.90749028324721,8.475610396,2.96389877967706,742597.3207954267,3664437.8065747237,"POLYGON ((35.59920238859731 33.09160129743714, 35.59919152970979 33.09165460161406, 35.59931817885933 33.09167288274332, 35.59934895194801 33.09152182239082, 35.59935981072868 33.09146851820464, 35.59923316186983 33.09145023710318, 35.59920238859731 33.09160129743714))",-9.730390318500683,
522,7538,1193.44134010547,738615.985963128,256315.366661934,777447.933193742,35.5992591752556,33.0916425312806,12.511244341103,347.568839597457,742594.494638623,3664452.12884341,8.27820532713729,8.414951037,2.79589074532893,742594.4943098386,3664452.146724313,"POLYGON ((35.59917096760633 33.09172767308657, 35.5991570745383 33.09178047574996, 35.59928253229474 33.09180386496169, 35.59932190403714 33.09165422585563, 35.5993357969906 33.09160142317871, 35.59921033951542 33.09157803400652, 35.59917096760633 33.09172767308657))",-12.488125212427894,/Users/xingchen/Documents/PhD_learning/Acoustic_project/Analysis/echo_complex/pool/pool_0551.json
523,7538,1208.44134010547,738615.985984132,256312.615334811,777460.138169532,35.5992301968709,33.0917526683761,6.77565962910365,330.093351348989,742591.486509083,3664464.27689018,4.23684545011455,8.414951037,2.79589074532893,742591.4861803191,3664464.294770852,"POLYGON ((35.59911561270141 33.09181148241358, 35.59908346517046 33.0918583077855, 35.59919472117016 33.09191242873783, 35.59928582482584 33.09177972880148, 35.59931797221999 33.09173290338347, 35.59920671638642 33.09167878253248, 35.59911561270141 33.09181148241358))",-30.023651754722362,/Users/xingchen/Documents/PhD_learning/Acoustic_project/Analysis/echo_complex/pool/pool_0551.json
524,7538,1223.44134010547,738615.98599005,256309.203045726,777465.991873197,35.5991938827587,33.0918055628585,6.7756596291183,330.09336625143,742587.950891083,3664470.05929124,9.43128976857947,8.248755275,2.9116778498513,742587.9505623423,3664470.077171616,"POLYGON ((35.59907929853787 33.09186437692037, 35.59904715100168 33.09191120230003, 35.59915840708733 33.09196532322831, 35.59924951075661 33.09183262327186, 35.59928165815602 33.09178579784612, 35.5991704022365 33.09173167701917, 35.59907929853787 33.09186437692037))",-30.023636622570166,/Users/xingchen/Documents/PhD_learning/Acoustic_project/Analysis/echo_complex/pool/pool_0551.json
525,7538,1238.44134010547,738615.985995969,256305.79075664,777471.845576863,35.5991575686465,33.091858457341,6.77565962920422,330.093381154026,742584.415276988,3664475.84169337,7.7926527635303,8.524621093,2.98910972755875,742584.4149482698,3664475.85957347,"POLYGON ((35.59904298437421 33.0919172714271, 35.59901083683268 33.09196409681445, 35.59912209300416 33.09201821771886, 35.59921319668733 33.09188551774243, 35.59924534409207 33.09183869230901, 35.59913408808671 33.09178457150591, 35.59904298437421 33.0919172714271))",-30.0236215946386,/Users/xingchen/Documents/PhD_learning/Acoustic_project/Analysis/echo_complex/pool/pool_0551.json
526,7538,1253.44134010547,738615.986001888,256302.378467554,777477.699280529,35.5991212545343,33.0919113518234,7.12093519523889,345.398803633629,742580.879666798,3664481.62409659,5.21234161301979,8.524621093,2.98910972755875,742580.8793381028,3664481.6419763924,"POLYGON ((35.59902926431616 33.0919936087373, 35.59901299600791 33.09204592853276, 35.59913730686674 33.09207331642963, 35.59918340987184 33.09192504573791, 35.59919967806014 33.09187272592535, 35.5990753674733 33.09184533807699, 35.59902926431616 33.0919936087373))",-14.667295055940128,/Users/xingchen/Documents/PhD_learning/Acoustic_project/Analysis/echo_complex/pool/pool_0551.json
527,7538,1268.44134010547,738615.986006977,256300.549507846,777484.581331418,35.5991019413082,33.0919734645101,8.91182871307574,7.76345673216397,742578.905887891,3664488.46821186,8.41509125997421,7.791717321,3.34976623723955,742578.9055592109,3664488.4860915076,"POLYGON ((35.59905427715174 33.09207906946211, 35.59906299644544 33.0921326513355, 35.5991903060437 33.09211797221063, 35.59916559599515 33.09196612494942, 35.59915687666312 33.09191254308418, 35.59902956735105 33.09192722216097, 35.59905427715174 33.09207906946211))",7.7997304143943005,/Users/xingchen/Documents/PhD_learning/Acoustic_project/Analysis/echo_complex/pool/pool_0551.json
528,7538,1283.44134010547,738615.986010494,256301.72572688,777493.415198057,35.5991148959741,33.0920530734627,8.91182871319498,7.76344979223168,742579.896476167,3664497.32746828,3.4648089482832,7.791717321,3.34976623723955,742579.8961474766,3664497.3453480303,"POLYGON ((35.59906723175967 33.0921586784084, 35.59907595105336 33.09221226028168, 35.59920326076774 33.09219758117023, 35.59917855071911 33.09204573390872, 35.59916983138709 33.0919921520436, 35.5990425219589 33.09200683110696, 35.59906723175967 33.0921586784084))",7.799723387190006,/Users/xingchen/Documents/PhD_learning/Acoustic_project/Analysis/echo_complex/pool/pool_0551.json
529,7538,1298.44134010547,738615.98601401,256302.901945915,777502.249064696,35.59912785064,33.0921326824152,8.91182871307574,7.76344284383402,742580.887061794,3664506.18672501,9.96684243776427,8.207954748,2.40549596021203,742580.8867330926,3664506.2046048553,"POLYGON ((35.59908018636754 33.09223828735456, 35.59908890566121 33.09229186922774, 35.59921621549171 33.09227719012977, 35.59919150544307 33.09212534286797, 35.59918278611108 33.09207176100293, 35.59905547656677 33.09208644005282, 35.59908018636754 33.09223828735456))",7.799716331486984,/Users/xingchen/Documents/PhD_learning/Acoustic_project/Analysis/echo_complex/pool/pool_0551.json
530,7538,1313.44134010547,738615.986017526,256304.078164949,777511.082931335,35.5991408053059,33.0922122913678,8.91182871319498,7.76343590325888,742581.87764477,3664515.04598205,5.81193009486313,8.207954748,2.40549596021203,742581.8773160581,3664515.0638620057,"POLYGON ((35.5990931409756 33.09231789630088, 35.59910186026932 33.09237147817396, 35.59922917021593 33.0923567990893, 35.59920446016703 33.09220495182723, 35.59919574083498 33.09215136996231, 35.59906843117456 33.09216604899888, 35.5990931409756 33.09231789630088))",7.799709359490552,/Users/xingchen/Documents/PhD_learning/Acoustic_project/Analysis/echo_complex/pool/pool_0551.json
531,7538,1328.44134010547,738615.986021043,256305.254383983,777519.916797974,35.5991537599719,33.0922919003203,8.91182871319498,7.76342895575032,742582.868225097,3664523.9052394,11.2762788289115,8.207954748,2.40549596021203,742582.8678963829,3664523.9231194565,"POLYGON ((35.59910609558346 33.09239750524701, 35.59911481487709 33.09245108711998, 35.59924212493985 33.0924364080489, 35.59921741489109 33.0922845607865, 35.59920869555913 33.09223097892168, 35.59908138578257 33.0922456579447, 35.59910609558346 33.09239750524701))",7.799702253053262,/Users/xingchen/Documents/PhD_learning/Acoustic_project/Analysis/echo_complex/pool/pool_0551.json
532,7538,1343.44134010547,738615.986024559,256306.430603017,777528.750664613,35.5991667146378,33.0923715092729,8.91182871307959,7.7634220186043,742583.858802773,3664532.76449707,6.90587749133297,8.169427836,4.44661121948517,742583.858474049,3664532.782377232,"POLYGON ((35.59911905019138 33.09247711419329, 35.59912776948499 33.09253069606617, 35.59925507966388 33.09251601700851, 35.59923036961506 33.09236416974582, 35.59922165028312 33.0923105878811, 35.59909434039042 33.09232526689068, 35.59911905019138 33.09247711419329))",7.799695217954647,/Users/xingchen/Documents/PhD_learning/Acoustic_project/Analysis/echo_complex/pool/pool_0551.json
533,7538,1358.44134010547,738615.986028075,256307.606822052,777537.584531252,35.5991796693037,33.0924511182254,14.0552829171911,26.017998648013,742584.8493778,3664541.62375505,9.88946740968136,8.169427836,4.44661121948517,742584.8490490648,3664541.6416353085,"POLYGON ((35.59917386701971 33.09256398229551, 35.59920215782982 33.09261253932542, 35.59931752907302 33.09256491154467, 35.59923735484584 33.09242730436244, 35.59920906408341 33.09237874733727, 35.59909369301117 33.09242637500964, 35.59917386701971 33.09256398229551))",26.124741866792547,/Users/xingchen/Documents/PhD_learning/Acoustic_project/Analysis/echo_complex/pool/pool_0551.json
534,7538,1373.44134010547,738615.986062839,256313.7481967,777550.227098053,35.5992459614664,33.0925648990628,15.8262598161318,29.1778351265191,742590.725454595,3664554.39637476,2.4157152151971,7.865229662,4.90106912345022,742590.725125816,3664554.4142555464,"POLYGON ((35.59924757873045 33.09267786055509, 35.59927901460502 33.09272502717579, 35.59939108237954 33.09267210473494, 35.59930199528365 33.092538437873, 35.59927055947063 33.09249127125417, 35.59915849183846 33.09254419358014, 35.59924757873045 33.09267786055509))",29.29307279547069,
535,7538,1388.44134010547,738615.986107358,256321.439611999,777564.058678962,35.5993289047262,33.0926893478056,15.8262598160018,29.1778005978506,742598.126685815,3664568.3906884,7.17243734124315,8.332258874,4.10044150552362,742598.1263569805,3664568.408569846,"POLYGON ((35.59933052191325 33.0928023092953, 35.59936195779659 33.09284947592909, 35.59947402576234 33.09279655354909, 35.59938493863905 33.09266288664625, 35.59935350281727 33.09261572001432, 35.59924143499388 33.09266864227943, 35.59933052191325 33.0928023092953))",29.29303789419059,/Users/xingchen/Documents/PhD_learning/Acoustic_project/Analysis/echo_complex/pool/pool_0596.json
536,7538,1403.44134010547,738615.986151877,256329.131027298,777577.890259872,35.5994118479861,33.0928137965484,15.8262598160018,29.1777660815124,742605.527894213,3664582.38500914,6.84705131519302,7.756273026,4.14839600170147,742605.5275653328,3664582.402891238,"POLYGON ((35.59941346509602 33.09292675803548, 35.59944490098807 33.0929739246824, 35.59955696914511 33.09292100236335, 35.59946788199459 33.09278733541951, 35.5994364461641 33.09274016877448, 35.59932437814942 33.09279309097863, 35.59941346509602 33.09292675803548))",29.29300293059124,/Users/xingchen/Documents/PhD_learning/Acoustic_project/Analysis/echo_complex/pool/pool_0596.json
537,7538,1418.44134010547,738615.986196396,256336.822442597,777591.721840782,35.5994947912459,33.0929382452912,15.8262598160894,29.1777315513203,742612.929079791,3664596.37933697,9.52220734183789,7.985862542,4.22259336234323,742612.9287508551,3664596.397219726,"POLYGON ((35.59949640827875 33.09305120677571, 35.59952784417952 33.09309837343572, 35.59963991252784 33.09304545117759, 35.59955082535004 33.09291178419276, 35.59951938951081 33.09286461753464, 35.59940732130486 33.09291753967786, 35.59949640827875 33.09305120677571))",29.29296799261248,/Users/xingchen/Documents/PhD_learning/Acoustic_project/Analysis/echo_complex/pool/pool_0596.json
538,7538,1433.44134010547,738615.986240915,256344.513857896,777605.553421691,35.5995777345057,33.093062694034,15.8262598160159,29.1776970347049,742620.330242546,3664610.3736719,2.78229387104479,8.373000565,4.48141746365914,742620.3299135554,3664610.391555308,"POLYGON ((35.5995793514615 33.09317565551591, 35.59961078737101 33.09322282218903, 35.59972285591059 33.09316989999184, 35.59963376870547 33.09303623296604, 35.59960233285751 33.09298906629479, 35.59949026446029 33.0930419883771, 35.5995793514615 33.09317565551591))",29.292933060969666,/Users/xingchen/Documents/PhD_learning/Acoustic_project/Analysis/echo_complex/pool/pool_0596.json
539,7538,1448.44134010547,738615.986285434,256352.205273195,777619.385002601,35.5996606777655,33.0931871427768,17.2902997918139,33.8266553978639,742627.731382479,3664624.36801392,6.40028140505501,7.330263216,3.87377275006578,742627.7310534338,3664624.385897984,"POLYGON ((35.59967318945451 33.09329962047292, 35.59970907283417 33.09334448204661, 35.59981566456875 33.09328407265368, 35.59971397357817 33.09315693811482, 35.59967809027905 33.09311207653769, 35.59957149864172 33.09317248580872, 35.59967318945451 33.09329962047292))",33.95180844361452,/Users/xingchen/Documents/PhD_learning/Acoustic_project/Analysis/echo_complex/pool/pool_0596.json
540,7538,1463.44134010547,738615.986323614,256361.807739925,777633.763705588,35.5997641140545,33.0933164593875,18.7112008002936,37.4165011925141,742637.032271522,3664638.94967973,7.13499886869581,7.846573791,3.79712205611184,742637.0319424104,3664638.9675646196,"POLYGON ((35.59978498045641 33.09342805529504, 35.59982413534824 33.09347093449939, 35.59992601708418 33.09340501764635, 35.59981505488074 33.09328350099766, 35.59977590008268 33.09324062178498, 35.59967401840736 33.09330653851288, 35.59978498045641 33.09342805529504))",37.54706602621655,/Users/xingchen/Documents/PhD_learning/Acoustic_project/Analysis/echo_complex/pool/pool_0596.json
541,7538,1478.44134010547,738615.986356007,256373.154586807,777648.641813708,35.5998862560847,33.0934502193177,18.7112008004214,37.4164591224221,742648.067212469,3664654.06745266,8.69145850703785,8.134754445,3.78820655671213,742648.0668832855,3664654.085338515,"POLYGON ((35.5999071224231 33.09356181523371, 35.59994627733379 33.0936046944588, 35.60004815927546 33.09353877767524, 35.5999371970138 33.0934172609626, 35.59989804219688 33.09337438172918, 35.59979616031582 33.09344029838762, 35.5999071224231 33.09356181523371))",37.54702346805758,/Users/xingchen/Documents/PhD_learning/Acoustic_project/Analysis/echo_complex/pool/pool_0596.json
542,7538,1493.44134010547,738615.986388401,256384.50143369,777663.519921828,35.6000083981148,33.093583979248,18.7112008004214,37.4164170520071,742659.102117906,3664669.18524032,6.38397102642503,8.136562207,3.32908884763557,742659.1017886401,3664669.2031271523,"POLYGON ((35.60002926438982 33.09369557517248, 35.60006841931943 33.09373845441826, 35.60017030146675 33.09367253770409, 35.60005933914673 33.09355102092759, 35.60002018431088 33.09350814167346, 35.59991830222418 33.09357405826253, 35.60002926438982 33.09369557517248))",37.546980969819444,/Users/xingchen/Documents/PhD_learning/Acoustic_project/Analysis/echo_complex/pool/pool_0596.json
543,7538,1508.44134010547,738615.986420794,256395.848280572,777678.398029947,35.6001305401449,33.0937177391782,18.7112008004214,37.4163749837418,742670.13698783,3664684.30304271,7.63449111778046,8.167869188,3.76543276546295,742670.136658483,3664684.3209305094,"POLYGON ((35.60015140635655 33.09382933511111, 35.60019056130508 33.0938722143776, 35.60029244365805 33.09380629773278, 35.60018148127965 33.09368478089249, 35.60014232642487 33.09364190161767, 35.60004044413252 33.09370781813735, 35.60015140635655 33.09382933511111))",37.546938472836345,/Users/xingchen/Documents/PhD_learning/Acoustic_project/Analysis/echo_complex/pool/pool_0596.json
544,7538,1523.44134010547,738615.986453188,256407.195127454,777693.276138067,35.6002526821751,33.0938514991084,15.4801922285407,33.5568419511016,742681.171822244,3664699.42085983,4.38791749477,8.04872401,3.77119385351538,742681.1714928237,3664699.438748598,"POLYGON ((35.60026456343744 33.09396402521608, 35.60030019524227 33.09400902876686, 35.60040712513305 33.0939490433552, 35.60030614706493 33.09382150643685, 35.60027051533959 33.09377650288297, 35.60016358554876 33.09383648817306, 35.60026456343744 33.09396402521608))",33.68150557502454,
545,7538,1538.44134010547,738615.98647073,256415.731444388,777706.189992822,35.6003446405386,33.0939676441009,12.6024336199965,28.2889406328045,742689.437247847,3664712.51517439,7.84493542655321,7.979140041,4.59651392763601,742689.4369183645,3664712.5330638876,"POLYGON ((35.60034417046671 33.0940806130622, 35.6003747315169 33.09412818548725, 35.60048776530508 33.09407673664363, 35.60040115735992 33.09394191970887, 35.60037059636745 33.09389434728654, 35.60025756272988 33.09394579601697, 35.60034417046671 33.0940806130622))",28.40192306188345,/Users/xingchen/Documents/PhD_learning/Acoustic_project/Analysis/echo_complex/pool/pool_0597.json
546,7538,1553.44134010547,738615.986474618,256421.683956196,777717.298050093,35.6004088501452,33.0940675951487,12.6024336202017,28.2889134493312,742695.156685557,3664723.74921512,5.02651791896845,7.979140041,4.59651392763601,742695.1563560355,3664723.767105124,"POLYGON ((35.60040838001026 33.09418056410711, 35.60043894106686 33.09422813654214, 35.60055197500844 33.09417668774679, 35.60046536704321 33.09404187078081, 35.60043480604435 33.09399429834853, 35.60032177225338 33.09404574703067, 35.60040838001026 33.09418056410711))",28.40189555256204,/Users/xingchen/Documents/PhD_learning/Acoustic_project/Analysis/echo_complex/pool/pool_0597.json
547,7538,1568.44134010547,738615.986478506,256427.636468004,777728.406107364,35.6004730597518,33.0941675461965,12.6024336199965,28.2888862655988,742700.876109045,3664734.98326013,6.72812607961826,8.162455996,5.72075982846539,742700.8757794853,3664735.001150639,"POLYGON ((35.60047258955372 33.09428051515201, 35.60050315061667 33.09432808759701, 35.60061618471168 33.09427663885001, 35.60052957672653 33.09414182185277, 35.60049901572131 33.0940942494105, 35.6003859817769 33.09414569804431, 35.60047258955372 33.09428051515201))",28.40186799913995,/Users/xingchen/Documents/PhD_learning/Acoustic_project/Analysis/echo_complex/pool/pool_0597.json
548,7538,1583.44134010547,738615.986482394,256433.588979811,777739.514164634,35.6005372693583,33.0942674972443,12.6024336200991,28.288859073238,742706.595518313,3664746.21730941,7.48295385331713,8.162455996,5.72075982846539,742706.5951887041,3664746.2352004345,"POLYGON ((35.60053679909721 33.09438046619693, 35.60056736016657 33.09442803865188, 35.60068039441496 33.09437658995314, 35.60059378640972 33.0942417729247, 35.60056322539808 33.09419420047249, 35.6004501913003 33.09424564905805, 35.60053679909721 33.09438046619693))",28.40184050081275,/Users/xingchen/Documents/PhD_learning/Acoustic_project/Analysis/echo_complex/pool/pool_0597.json
549,7538,1598.44134010547,738615.986486283,256439.541491619,777750.622221905,35.6006014789649,33.0943674482922,12.6024336199965,28.2888318948307,742712.314913359,3664757.45136298,6.3192114575731,7.550931231,5.56825285004825,742712.3145837106,3664757.4692545175,"POLYGON ((35.60060100864082 33.09448041724196, 35.60063156971662 33.09452798970685, 35.60074460411837 33.09447654105634, 35.600657996093 33.09434172399671, 35.60062743507493 33.09429415153456, 35.60051440082379 33.09434560007188, 35.60060100864082 33.09448041724196))",28.401813018328067,/Users/xingchen/Documents/PhD_learning/Acoustic_project/Analysis/echo_complex/pool/pool_0597.json
550,7538,1613.44134010547,738615.986490171,256445.494003427,777761.730279175,35.6006656885715,33.09446739934,11.9034649583855,20.8954659505826,742718.034294184,3664768.68542082,7.62765963994195,8.264009073,5.46572921749374,742718.0339644966,3664768.703312866,"POLYGON ((35.60064789914741 33.09457937219542, 35.60067090967726 33.09462986705785, 35.60079088799402 33.09459112954835, 35.6007256776372 33.09444803060651, 35.60070266713137 33.09439753575211, 35.60058268902741 33.09443627316661, 35.60064789914741 33.09457937219542))",20.985717302881174,/Users/xingchen/Documents/PhD_learning/Acoustic_project/Analysis/echo_complex/pool/pool_0597.json
551,7538,1628.44134010547,738615.986500325,256449.715068128,777772.860197899,35.6007113529342,33.0945676063553,11.5182361056734,14.744493399741,742722.021662486,3664779.9049328,4.27997060654015,8.264009073,5.46572921749374,742722.0213327686,3664779.9228252056,"POLYGON ((35.60067935866351 33.09467731907402, 35.60069578342437 33.09472960426183, 35.60082001580422 33.09470195369891, 35.60077346901956 33.09455378108651, 35.60075704425335 33.09450149590828, 35.60063281212738 33.09452914639623, 35.60067935866351 33.09467731907402))",14.811178362330299,/Users/xingchen/Documents/PhD_learning/Acoustic_project/Analysis/echo_complex/pool/pool_0597.json
552,7538,1643.44134010547,738615.986515253,256452.61744124,777784.006766578,35.6007428930092,33.0946680083186,11.518236105666,14.7444772861343,742724.68991051,3664791.11336512,5.47139722111753,8.025252007,5.8694210934255,742724.6895807688,3664791.131257771,"POLYGON ((35.60071089866607 33.09477772102769, 35.60072732342768 33.09483000621774, 35.60085155595611 33.09480235568543, 35.60080500916884 33.09465418306512, 35.60078858440189 33.09460189788464, 35.60066435212734 33.09462954834196, 35.60071089866607 33.09477772102769))",14.811162069310084,/Users/xingchen/Documents/PhD_learning/Acoustic_project/Analysis/echo_complex/pool/pool_0597.json
553,7538,1658.44134010547,738615.98653018,256455.519814353,777795.153335256,35.6007744330843,33.094768410282,11.518236105666,14.7444611887727,742727.358151102,3664802.3217987,10.8159966034238,8.025252007,5.8694210934255,742727.3578213485,3664802.339691605,"POLYGON ((35.60074243866859 33.09487812298141, 35.60075886343088 33.09493040817373, 35.60088309610792 33.09490275767215, 35.60083654931825 33.0947545850439, 35.60082012455062 33.09470229986115, 35.60069589212746 33.09472995028773, 35.60074243866859 33.09487812298141))",14.811145713425143,/Users/xingchen/Documents/PhD_learning/Acoustic_project/Analysis/echo_complex/pool/pool_0597.json
554,7538,1673.44134010547,738615.986545107,256458.422187466,777806.299903934,35.6008059731593,33.0948688122453,11.518236105666,14.7444450774721,742730.026384266,3664813.53023354,4.83449681484953,9.606165677,6.08193389616176,742730.026054489,3664813.5481266836,"POLYGON ((35.60077397867104 33.09497852493504, 35.60079040343403 33.09503081012962, 35.60091463625967 33.09500315965875, 35.60086808946755 33.09485498702254, 35.60085166469922 33.09480270183754, 35.60072743212746 33.09483035223343, 35.60077397867104 33.09497852493504))",14.81112937794513,/Users/xingchen/Documents/PhD_learning/Acoustic_project/Analysis/echo_complex/pool/pool_0597.json
555,7538,1688.44134010547,738615.986560034,256461.324560578,777817.446472613,35.6008375132343,33.0949692142087,11.5182361056587,14.7444289758347,742732.69461,3664824.73866963,6.81199623543079,9.759018436,6.47202294182598,742732.6942802002,3664824.756563029,"POLYGON ((35.60080551867356 33.09507892688877, 35.60082194343726 33.09513121208561, 35.6009461764115 33.09510356164541, 35.60089962961685 33.09495538900128, 35.6008832048478 33.09490310381402, 35.60075897212744 33.09493075417923, 35.60080551867356 33.09507892688877))",14.811113064337619,/Users/xingchen/Documents/PhD_learning/Acoustic_project/Analysis/echo_complex/pool/pool_0597.json
556,7538,1703.44134010547,738615.986574961,256464.226933691,777828.593041291,35.6008690533093,33.095069616172,11.5182361055607,14.744412865783,742735.362828304,3664835.94710697,4.71157810935602,9.759018436,6.47202294182598,742735.3624984811,3664835.9650006196,"POLYGON ((35.6008370586761 33.0951793288424, 35.60085348344055 33.09523161404151, 35.60097771656337 33.09520396363193, 35.60093116976614 33.09505579097989, 35.60091474499635 33.09500350579037, 35.60079051212741 33.09503115612496, 35.6008370586761 33.0951793288424))",14.81109676888904,/Users/xingchen/Documents/PhD_learning/Acoustic_project/Analysis/echo_complex/pool/pool_0597.json
557,7538,1718.44134010547,738615.986589888,256467.129306804,777839.739609969,35.6009005933844,33.0951700181354,11.518236105666,14.7443967622673,742738.031039178,3664847.15554558,4.8440438704275,8.706562607,5.82819165911349,742738.0307093414,3664847.1734394785,"POLYGON ((35.60086859867862 33.09527973079614, 35.60088502344374 33.09533201599751, 35.60100925671519 33.09530436561867, 35.60096270991556 33.09515619295865, 35.60094628514508 33.09510390776687, 35.60082205212753 33.09513155807072, 35.60086859867862 33.09527973079614))",14.811080413720214,/Users/xingchen/Documents/PhD_learning/Acoustic_project/Analysis/echo_complex/pool/pool_0597.json
558,7538,1733.44134010547,738615.986604815,256470.031679917,777850.886178648,35.6009321334594,33.0952704200987,16.4538709119343,14.6433537314207,742740.699242622,3664858.36398544,10.9929110499859,8.706562607,5.82819165911349,742740.6989127625,3664858.3818795816,"POLYGON ((35.60089990795822 33.09538008489644, 35.60091622271975 33.09543239449574, 35.60104051410594 33.09540492933431, 35.60099427904776 33.09525668753051, 35.60097796428039 33.0952043779408, 35.60085367314868 33.09523184302759, 35.60089990795822 33.09538008489644))",14.709621182439731,/Users/xingchen/Documents/PhD_learning/Acoustic_project/Analysis/echo_complex/pool/pool_0597.json
559,7538,1748.44134010547,738615.986658884,256474.149468005,777866.816454516,35.6009768869359,33.0954139118973,17.5763713679995,14.6282735198634,742744.482424155,3664874.38204247,7.18986343488298,8.932922978,5.85434395699875,742744.4820942675,3664874.3999369745,"POLYGON ((35.60094462695184 33.09552356951954, 35.60096092531452 33.09557588274397, 35.60108522551915 33.09554844523443, 35.60103903693345 33.09540019315503, 35.60102273856487 33.09534787994017, 35.60089843861481 33.09537531737516, 35.60094462695184 33.09552356951954))",14.69447858205714,/Users/xingchen/Documents/PhD_learning/Acoustic_project/Analysis/echo_complex/pool/pool_0597.json
560,7538,1763.44134010547,738615.986721854,256478.543674053,777883.834673685,35.6010246454942,33.0955672034799,17.5763713679995,14.6282491059858,742748.519167008,3664891.49393789,4.68381853743431,9.063189576,5.54150973604353,742748.5188370885,3664891.5118327625,"POLYGON ((35.60099238539937 33.09567686108737, 35.60100868376308 33.09572917431518, 35.60113298419454 33.09570173685218, 35.60108679560517 33.09555348476091, 35.60107049723555 33.09550117154268, 35.60094619705865 33.09552860893111, 35.60099238539937 33.09567686108737))",14.694453826259995,/Users/xingchen/Documents/PhD_learning/Acoustic_project/Analysis/echo_complex/pool/pool_0597.json
561,7538,1778.44134010547,738615.986784824,256482.937880102,777900.852892853,35.6010724040525,33.0957204950626,17.576371368014,14.6282246896786,742752.555892669,3664908.60583619,5.97566936756603,8.525959475,5.89461387493182,742752.5555627171,3664908.6237314497,"POLYGON ((35.60104014384694 33.09583015265532, 35.60105644221171 33.0958824658865, 35.60118074286996 33.09585502847001, 35.60113455427688 33.09570677636686, 35.60111825590619 33.09565446314526, 35.6009939555025 33.09568190048717, 35.60104014384694 33.09583015265532))",14.694429088712072,/Users/xingchen/Documents/PhD_learning/Acoustic_project/Analysis/echo_complex/pool/pool_0597.json
562,7538,1793.44134010547,738615.986847795,256487.33208615,777917.871112022,35.6011201626108,33.0958737866452,17.5763713679995,14.6282002764612,742756.592601138,3664925.71773738,5.96073053476425,8.388315896,5.17993756144625,742756.5922711531,3664925.735633018,"POLYGON ((35.60108790229447 33.09598344422313, 35.60110420066029 33.0960357574577, 35.60122850154537 33.09600832008773, 35.60118231294858 33.09586006797273, 35.60116601457685 33.09580775474775, 35.60104171394634 33.09583519204314, 35.60108790229447 33.09598344422313))",14.694404342682104,/Users/xingchen/Documents/PhD_learning/Acoustic_project/Analysis/echo_complex/pool/pool_0597.json
563,7538,1808.44134010547,738615.986910765,256491.726292198,777934.889331191,35.6011679211691,33.0960270782278,17.576371368014,14.6281758593617,742760.629292414,3664942.82964147,1.30350769753217,8.323369446,5.88971980950189,742760.6289623969,3664942.847537476,"POLYGON ((35.60113566074207 33.096136735791, 35.60115195910896 33.09618904902894, 35.60127626022084 33.09616161170547, 35.60123007162028 33.09601335957856, 35.60121377324748 33.09596104635022, 35.60108947239016 33.09598848359912, 35.60113566074207 33.096136735791))",14.694379617311442,
564,7538,1823.44134010547,738615.986973735,256496.120498246,777951.907550359,35.6012156797275,33.0961803698105,20.0260256848623,16.5746681481038,742764.665966499,3664959.94154844,3.37722052493611,8.168563505,5.75293088765464,742764.665636458,3664959.9594448362,"POLYGON ((35.60118788094391 33.09629088963385, 35.60120628940743 33.09634270458713, 35.60132940676024 33.09631171510685, 35.60127723830238 33.09616487508571, 35.60125882984231 33.09611306014182, 35.60113571273232 33.09614404954074, 35.60118788094391 33.09629088963385))",16.648736593014117,/Users/xingchen/Documents/PhD_learning/Acoustic_project/Analysis/echo_complex/pool/pool_0598.json
565,7538,1838.44134010547,738615.987027005,256501.78546063,777971.11561913,35.6012771393945,33.0963533623486,30.0749868713607,21.1820547887106,742769.92746108,3664979.2701882,6.08671227040505,8.858064967,5.10050216222828,742769.9271309925,3664979.2880850695,"POLYGON ((35.6012600175547 33.09646540891309, 35.60128332939257 33.09651580588988, 35.60140307772058 33.09647656198867, 35.60133701346648 33.09633374041965, 35.60131370165401 33.09628334345073, 35.60119395353662 33.09632258725608, 35.6012600175547 33.09646540891309))",21.273306270233686,/Users/xingchen/Documents/PhD_learning/Acoustic_project/Analysis/echo_complex/pool/pool_0598.json
566,7538,1853.44134010547,738615.987041034,256512.591073129,777999.182389052,35.6013940247984,33.0966060520848,30.0749868715675,21.1819992969143,742780.143801931,3665007.56627944,9.97996533475283,8.045408931,4.7517627514102,742780.1434717674,3665007.5841772477,"POLYGON ((35.60137690278273 33.0967180986294, 35.60140021462715 33.09676849562032, 35.60151996333618 33.09672925182195, 35.6014538990609 33.09658643020728, 35.60143058724187 33.09653603322423, 35.60131083874347 33.09657527692674, 35.60137690278273 33.0967180986294))",21.27325008201904,/Users/xingchen/Documents/PhD_learning/Acoustic_project/Analysis/echo_complex/pool/pool_0598.json
567,7538,1868.44134010547,738615.987055064,256523.396685628,778027.249158974,35.6015109102024,33.0968587418209,30.0749868714693,21.1819438034073,742790.360075845,3665035.86238589,1.12532817725359,6.965343094,6.11471919710528,742790.3597456135,3665035.8802846186,"POLYGON ((35.60149378801077 33.09697078834561, 35.60151709986171 33.09702118535065, 35.60163684895179 33.09698194165518, 35.60157078465542 33.09683911999483, 35.60154747282987 33.09678872299766, 35.60142772395042 33.09682796659727, 35.60149378801077 33.09697078834561))",21.27319385426839,/Users/xingchen/Documents/PhD_learning/Acoustic_project/Analysis/echo_complex/pool/pool_0598.json
568,7538,1883.44134010547,738615.987069093,256534.202298126,778055.315928896,35.6016277956063,33.097111431557,13.0615743318364,14.6861336140946,742800.576282822,3665064.15850754,8.56306804844045,7.997563959,6.28721358328494,742800.5759525121,3665064.176407194,"POLYGON ((35.6015956671389 33.09722111662158, 35.60161202882032 33.097273415877, 35.60173629825567 33.0972458723106, 35.60168993021929 33.09709765978641, 35.60167356853225 33.09704536054058, 35.60154929935116 33.0970729040322, 35.6015956671389 33.09722111662158))",14.752574509570374,/Users/xingchen/Documents/PhD_learning/Acoustic_project/Analysis/echo_complex/pool/pool_0598.json
569,7538,1898.44134010547,738615.987098649,256537.480541269,778067.959419155,35.601663424418,33.0972253171284,11.1619938772978,12.7069836902522,742803.588917749,3665076.87189036,4.8425871808617,7.997563959,6.28721358328494,742803.5885874116,3665076.8897903063,"POLYGON ((35.60162679590889 33.09733399834711, 35.60164099289034 33.09738674375365, 35.60176632260438 33.09736284430588, 35.60172608916754 33.09721336741411, 35.60171189217099 33.09716062201709, 35.60158656272196 33.09718452139732, 35.60162679590889 33.09733399834711))",12.7651215193095,/Users/xingchen/Documents/PhD_learning/Acoustic_project/Analysis/echo_complex/pool/pool_0598.json
570,7538,1913.44134010547,738615.987129965,256539.905611283,778078.854791693,35.60168984338,33.0973234702468,11.1619938773041,12.7069699618377,742805.785077948,3665087.81908187,3.47897457118653,9.267165758,4.77030692822609,742805.7847475938,3665087.8369820085,"POLYGON ((35.60165321479961 33.09743215145615, 35.60166741178143 33.09748489686407, 35.60179274164002 33.09746099744265, 35.60175250820181 33.09731152054567, 35.6017383112049 33.09725877514727, 35.60161298161134 33.09728267450117, 35.60165321479961 33.09743215145615))",12.765107590061334,/Users/xingchen/Documents/PhD_learning/Acoustic_project/Analysis/echo_complex/pool/pool_0598.json
571,7538,1928.44134010547,738615.987161281,256542.330681297,778089.750164231,35.601716262342,33.0974216233653,11.161993877424,12.706956228035,742807.981231956,3665098.76627432,9.4955122719369,9.267165758,4.77030692822609,742807.9809015857,3665098.784174667,"POLYGON ((35.60167963369037 33.09753030456528, 35.60169383067254 33.09758304997459, 35.60181916067567 33.09755915057948, 35.60177892723608 33.09740967367734, 35.60176473023881 33.09735692827756, 35.6016394005007 33.09738082760513, 35.60167963369037 33.09753030456528))",12.765093673195318,/Users/xingchen/Documents/PhD_learning/Acoustic_project/Analysis/echo_complex/pool/pool_0598.json
572,7538,1943.44134010547,738615.987192597,256544.755751311,778100.645536769,35.601742681304,33.0975197764838,8.62611049246969,18.237160547319,742810.177379772,3665109.71346771,7.2268523602863,7.250565872,6.85796584519443,742810.177049387,3665109.7313682693,"POLYGON ((35.60171871807308 33.09763093086769, 35.601738911886 33.09768227254224, 35.6018609065544 33.09764827806982, 35.60180367853981 33.09750277926531, 35.60178348473828 33.09745143759977, 35.60166149030179 33.09748543198532, 35.60171871807308 33.09763093086769))",18.317673149547232,/Users/xingchen/Documents/PhD_learning/Acoustic_project/Analysis/echo_complex/pool/pool_0598.json
573,7538,1958.44134010547,738615.987212246,256547.435787123,778108.844755651,35.6017717222527,33.0975936115538,5.88570141416165,30.4626766995938,742812.685213769,3665117.96966171,10.3452082586977,9.992630414,5.72240365841872,742812.6848833661,3665117.9875625023,"POLYGON ((35.60177635567602 33.09770651378508, 35.60180904484422 33.09775307364989, 35.60191967735206 33.09769804446436, 35.60182703844067 33.09756609699284, 35.60179434933948 33.09751953712853, 35.60168371696188 33.09757456619691, 35.60177635567602 33.09770651378508))",30.580958279263402,/Users/xingchen/Documents/PhD_learning/Acoustic_project/Analysis/echo_complex/pool/pool_0598.json
574,7538,1973.44134010547,738615.987218391,256550.410950265,778113.923129939,35.6018037981964,33.097639298061,5.88570141416165,30.4626636859226,742815.553833058,3665123.11097718,4.89098538764049,8.031900999,4.48533939928833,742815.5535026346,3665123.1288782335,"POLYGON ((35.60180843159224 33.09775220029186, 35.60184112076408 33.09779876016186, 35.60195175334228 33.09774373099906, 35.60185911441955 33.0976117835114, 35.60182642531472 33.09756522364193, 35.60171579286676 33.09762025268756, 35.60180843159224 33.09775220029186))",30.58094510811845,/Users/xingchen/Documents/PhD_learning/Acoustic_project/Analysis/echo_complex/pool/pool_0598.json
575,7538,1988.44134010547,738615.987224535,256553.386113408,778119.001504227,35.6018358741401,33.0976849845682,5.88570141414693,30.4626506757181,742818.422449115,3665128.25229372,1.05763907828104,8.031900999,4.48533939928833,742818.4221186724,3665128.270195017,"POLYGON ((35.60184050750834 33.09779788679865, 35.60187319668377 33.09784444667386, 35.60198382933238 33.0977894175339, 35.60189119039845 33.09765747003001, 35.60185850129004 33.09761091015532, 35.60174786877167 33.09766593917812, 35.60184050750834 33.09779788679865))",30.580931889719572,/Users/xingchen/Documents/PhD_learning/Acoustic_project/Analysis/echo_complex/pool/pool_0598.json
576,7538,2003.44134010547,738615.987230679,256556.361276551,778124.079878515,35.6018679500838,33.0977306710755,5.88570141416165,30.4626376687165,742821.291061943,3665133.3936113,6.9021474295999,8.031900999,4.48533939928833,742821.2907314793,3665133.4115128657,"POLYGON ((35.6018725834247 33.09784357330555, 35.60190527260382 33.09789013318591, 35.60201590532272 33.09783510406861, 35.6019232663773 33.09770315654865, 35.60189057726519 33.09765659666881, 35.60177994467652 33.09771162566896, 35.6018725834247 33.09784357330555))",30.580918779765693,
577,7538,2018.44134010547,738615.987236824,256559.336439694,778129.158252803,35.6019000260275,33.0977763575827,5.88570141426209,30.4626246482787,742824.159671541,3665138.53492994,10.1381005486475,8.621070789,6.55390130645832,742824.1593410557,3665138.5528317546,"POLYGON ((35.6019046593409 33.09788925981236, 35.60193734852366 33.0979358196979, 35.60204798131292 33.09788079060334, 35.60195534235618 33.09774884306724, 35.60192265324044 33.09770228318222, 35.60181202058141 33.09775731215961, 35.6019046593409 33.09788925981236))",30.58090561031196,
578,7538,2033.44134010547,738615.987242968,256562.311602837,778134.236627092,35.6019321019712,33.0978220440899,5.88570141416165,30.4626116275576,742827.028277907,3665143.67624963,5.86771520637109,8.56256643,6.04909565862805,742827.0279474015,3665143.694151693,"POLYGON ((35.60193673525714 33.09793494631912, 35.60196942444353 33.09798150620986, 35.60208005730315 33.09792647713806, 35.60198741833506 33.0977945295858, 35.60195472921568 33.09774796969559, 35.6018440964863 33.09780299865022, 35.60193673525714 33.09793494631912))",30.58089244783649,
579,7538,2048.44134010547,738615.987249113,256565.28676598,778139.31500138,35.6019641779149,33.0978677305971,5.88570141416165,30.4625986306924,742829.896881043,3665148.81757037,3.49045485689791,8.56256643,6.04909565862805,742829.8965505165,3665148.835472687,"POLYGON ((35.60196881117323 33.09798063282595, 35.6020015003632 33.09802719272189, 35.60211213329325 33.09797216367293, 35.60201949431398 33.09784021610442, 35.60198680519101 33.09779365620901, 35.6018761723912 33.0978486851408, 35.60196881117323 33.09798063282595))",30.580879224111822,/Users/xingchen/Documents/PhD_learning/Acoustic_project/Analysis/echo_complex/pool/pool_0643.json
580,7538,2063.44134010547,738615.987255257,256568.261929123,778144.393375668,35.6019962538586,33.0979134171044,5.88570141414693,30.462585603488,742832.765480949,3665153.95889216,7.69809115260627,8.56256643,6.04909565862805,742832.7651504005,3665153.9767947434,"POLYGON ((35.60200088708959 33.09802631933283, 35.60203357628327 33.09807287923393, 35.6021442092836 33.09801785020761, 35.60205157029282 33.09788590262306, 35.60201888116615 33.09783934272248, 35.60190824829606 33.09789437163163, 35.60200088708959 33.09802631933283))",30.58086611757911,/Users/xingchen/Documents/PhD_learning/Acoustic_project/Analysis/echo_complex/pool/pool_0643.json
581,7538,2078.44134010547,738615.987261401,256571.237092266,778149.471749956,35.6020283298023,33.0979591036116,5.88570141424738,30.4625725931671,742835.634077623,3665159.10021501,6.72469394043015,8.62975982,5.43499101651741,742835.633747054,3665159.1181178405,"POLYGON ((35.60203296300581 33.09807200583963, 35.60206565220311 33.0981185657459, 35.60217628527381 33.09806353674234, 35.6020836462717 33.09793158914162, 35.6020509571414 33.09788502923587, 35.60194032420095 33.09794005812226, 35.60203296300581 33.09807200583963))",30.580852944548912,/Users/xingchen/Documents/PhD_learning/Acoustic_project/Analysis/echo_complex/pool/pool_0643.json
582,7538,2093.44134010547,738615.987267546,256574.212255409,778154.550124244,35.602060405746,33.0980047901188,5.88570141416165,30.4625595793407,742838.502671066,3665164.24153891,6.68208829903323,8.62975982,5.43499101651741,742838.5023404768,3665164.25944199,"POLYGON ((35.60206503892189 33.09811769234643, 35.60209772812279 33.09816425225792, 35.6022083612639 33.0981092232772, 35.60211572225061 33.09797727566024, 35.60208303311673 33.09793071574928, 35.60197240010586 33.09798574461283, 35.60206503892189 33.09811769234643))",30.580839724264905,/Users/xingchen/Documents/PhD_learning/Acoustic_project/Analysis/echo_complex/pool/pool_0643.json
583,7538,2108.44134010547,738615.98727369,256577.187418552,778159.628498532,35.6020924816897,33.0980504766261,8.73465795569721,24.4274928144077,742841.371261279,3665169.38286386,7.06269336069665,8.833116413,5.49256413035904,742841.3709306687,3665169.4007672034,"POLYGON ((35.60208294835157 33.09816316084384, 35.6021096239019 33.09821236190161, 35.60222653287355 33.09816745630492, 35.60215093609165 33.09802802385337, 35.60212426058181 33.09797882280154, 35.60200735179479 33.09802372829363, 35.60208294835157 33.09816316084384))",24.529447242975387,/Users/xingchen/Documents/PhD_learning/Acoustic_project/Analysis/echo_complex/pool/pool_0643.json
584,7538,2123.44134010547,738615.987285774,256580.783540104,778167.588533669,35.6021313268727,33.0981221237281,23.9209508994834,16.7119849995756,742844.800310607,3665177.419119,6.20308586582941,10.06441864,5.34049547798508,742844.7999799746,3665177.43702265,"POLYGON ((35.60210384351424 33.09823269948772, 35.60212240043619 33.09828447696916, 35.60224543149524 33.09825323826569, 35.60219284230094 33.09810650439194, 35.60217428538308 33.09805472691987, 35.602051254566 33.0980859655415, 35.60210384351424 33.09823269948772))",16.78659241257568,/Users/xingchen/Documents/PhD_learning/Acoustic_project/Analysis/echo_complex/pool/pool_0643.json
585,7538,2138.44134010547,738615.987328706,256587.604989618,778190.516240019,35.6022053322473,33.0983286130857,23.9209508994834,16.711947926346,742851.140442616,3665200.49196665,5.28109827146561,10.24326362,5.54355533090944,742851.1401119339,3665200.5098708845,"POLYGON ((35.60217784874078 33.09843918882589, 35.60219640566509 33.0984909663139, 35.60231943703148 33.09845972768055, 35.60226684782921 33.09831299378459, 35.602248290909 33.09826121630596, 35.60212525978458 33.09829245485746, 35.60217784874078 33.09843918882589))",16.78655485160868,
586,7538,2153.44134010547,738615.987371639,256594.426439132,778213.443946369,35.6022793376219,33.0985351024432,23.9209508993718,16.7119108555078,742857.48053923,3665223.56482087,4.40455005515226,9.606241809,4.90499910457197,742857.4802084998,3665223.582725691,"POLYGON ((35.6022518539673 33.09864567816398, 35.60227041089396 33.09869745565855, 35.60239344256769 33.09866621709532, 35.60234085335748 33.09851948317716, 35.60232229643492 33.09846770569197, 35.60219926500316 33.09849894417336, 35.6022518539673 33.09864567816398))",16.786517277227766,/Users/xingchen/Documents/PhD_learning/Acoustic_project/Analysis/echo_complex/pool/pool_0644.json
587,7538,2168.44134010547,738615.987414571,256601.247888646,778236.371652718,35.6023533429965,33.0987415918008,23.9209508994834,16.7118737866378,742863.820600451,3665246.63768168,8.55963755550543,9.515505809,5.56544768985,742863.820269672,3665246.6555870897,"POLYGON ((35.60232585919385 33.09885216750214, 35.60234441612287 33.09890394500326, 35.60246744810393 33.09887270651016, 35.60241485888575 33.09872597256982, 35.60239630196082 33.09867419507806, 35.60227327022174 33.09870543348933, 35.60232585919385 33.09885216750214))",16.78647971606717,/Users/xingchen/Documents/PhD_learning/Acoustic_project/Analysis/echo_complex/pool/pool_0644.json
588,7538,2183.44134010547,738615.987457504,256608.06933816,778259.299359068,35.6024273483711,33.0989480811583,23.9209508994751,16.7118367112918,742870.160626278,3665269.71054907,7.57404340935836,9.093346976,6.24941509970628,742870.16029545,3665269.7284550597,"POLYGON ((35.60239986442037 33.09905865684021, 35.60241842135172 33.0991104343479, 35.60254145364013 33.09907919592492, 35.60248886441401 33.09893246196237, 35.60247030748675 33.09888068446408, 35.60234727544032 33.0989119228052, 35.60239986442037 33.09905865684021))",16.786442140759647,/Users/xingchen/Documents/PhD_learning/Acoustic_project/Analysis/echo_complex/pool/pool_0644.json
589,7538,2198.44134010547,738615.987500436,256614.890787673,778282.227065418,35.6025013537457,33.0991545705159,23.9209508993635,16.7117996414969,742876.500616711,3665292.78342304,3.02560113706069,9.771416775,5.2487448138137,742876.5002858341,3665292.801329622,"POLYGON ((35.60247386964691 33.09926514617838, 35.60249242658062 33.09931692369262, 35.60261545917638 33.09928568533977, 35.60256286994229 33.09913895135503, 35.60254431301267 33.09908717385017, 35.6024212806589 33.09911841212118, 35.60247386964691 33.09926514617838))",16.786404578672407,/Users/xingchen/Documents/PhD_learning/Acoustic_project/Analysis/echo_complex/pool/pool_0644.json
590,7538,2213.44134010547,738615.987543369,256621.712237187,778305.154771768,35.6025753591203,33.0993610598734,23.9209508994834,16.7117625686679,742882.84057175,3665315.85630359,6.34426386868793,9.560625677,5.87816639769958,742882.8402408235,3665315.8742107577,"POLYGON ((35.60254787487344 33.09947163551647, 35.6025664318095 33.09952341303725, 35.6026894647126 33.0994921747545, 35.60263687547056 33.0993454407476, 35.60261831853859 33.09929366323616, 35.60249528587747 33.09932490143708, 35.60254787487344 33.09947163551647))",16.7863670119679,/Users/xingchen/Documents/PhD_learning/Acoustic_project/Analysis/echo_complex/pool/pool_0644.json
591,7538,2228.44134010547,738615.987586301,256628.533686701,778328.082478118,35.6026493644949,33.0995675492309,23.9209508993718,16.7117254986774,742889.180491393,3665338.92919072,7.51802382338828,8.695002165,5.29838849152753,742889.1801604185,3665338.9470984726,"POLYGON ((35.60262188009995 33.09967812485451, 35.60264043703835 33.09972990238188, 35.60276347024881 33.09969866416928, 35.60271088099884 33.09955193014017, 35.60269232406453 33.09950015262217, 35.60256929109605 33.09953139075293, 35.60262188009995 33.09967812485451))",16.7863294347818,/Users/xingchen/Documents/PhD_learning/Acoustic_project/Analysis/echo_complex/pool/pool_0644.json
592,7538,2243.44134010547,738615.987629234,256635.355136215,778351.010184468,35.6027233698695,33.0997740385885,23.9209508994751,16.7116884238103,742895.520375643,3665362.00208444,9.45649720806557,7.795139646,3.45754197184935,742895.5200446176,3665362.019992782,"POLYGON ((35.60269588532648 33.09988461419271, 35.60271444226724 33.09993639172662, 35.60283747578505 33.09990515358412, 35.60278488652712 33.09975841953281, 35.60276632959045 33.09970664200826, 35.60264329631462 33.09973788006892, 35.60269588532648 33.09988461419271))",16.786291872526327,/Users/xingchen/Documents/PhD_learning/Acoustic_project/Analysis/echo_complex/pool/pool_0644.json
593,7538,2258.44134010547,738615.987672166,256642.176585729,778373.937890817,35.6027973752441,33.099980527946,23.9209508994834,16.7116513512956,742901.860224495,3665385.07498474,1.90188911610402,8.357855277,2.89790296238806,742901.8598934223,3665385.092893662,"POLYGON ((35.60276989055304 33.10009110353077, 35.60278844749617 33.10014288107124, 35.60291148132133 33.10011164299884, 35.60285889205539 33.09996490892536, 35.60284033511636 33.09991313139426, 35.60271730153318 33.0999443693848, 35.60276989055304 33.10009110353077))",16.78625431766286,/Users/xingchen/Documents/PhD_learning/Acoustic_project/Analysis/echo_complex/pool/pool_0644.json
594,7538,2273.44134010547,738615.987715099,256648.998035242,778396.865597167,35.6028713806188,33.1001870173036,23.9209508994751,16.7116142795336,742908.200037954,3665408.14789162,7.37494276905478,8.621672556,3.19446192123172,742908.1997068401,3665408.165801136,"POLYGON ((35.60284389577964 33.10029759286893, 35.6028624527251 33.10034937041598, 35.60298548685763 33.10031813241374, 35.60293289758377 33.10017139831803, 35.6029143406424 33.10011962078037, 35.60279130675186 33.10015085870076, 35.60284389577964 33.10029759286893))",16.786216733919346,/Users/xingchen/Documents/PhD_learning/Acoustic_project/Analysis/echo_complex/pool/pool_0644.json
595,7538,2288.44134010547,738615.987758031,256655.819484756,778419.793303517,35.6029453859934,33.1003935066611,23.9209508994834,16.7115772048787,742914.539816015,3665431.22080508,7.27771850998259,8.649961501,3.36691573249587,742914.5394848534,3665431.238715181,"POLYGON ((35.60291790100613 33.100504082207, 35.60293645795393 33.1005558597606, 35.60305949239383 33.10052462182848, 35.60300690311206 33.10037788771061, 35.60298834616835 33.10032611016638, 35.60286531197044 33.10035734801664, 35.60291790100613 33.100504082207))",16.786179156346158,/Users/xingchen/Documents/PhD_learning/Acoustic_project/Analysis/echo_complex/pool/pool_0644.json
596,7538,2303.44134010547,738615.987800964,256662.64093427,778442.721009867,35.603019391368,33.1005999960187,23.9209508993718,16.7115401326781,742920.879558681,3665454.29372513,8.72820365845246,8.975903849,3.18892631678248,742920.8792274697,3665454.3116358197,"POLYGON ((35.60299190623267 33.10071057154517, 35.60301046318283 33.10076234910533, 35.6031334979301 33.10073111124333, 35.60308090864034 33.10058437710326, 35.60306235169426 33.10053259955248, 35.602939317189 33.10056383733264, 35.60299190623267 33.10071057154517))",16.786141595169564,
597,7538,2318.44134010547,738615.987843896,256669.462383784,778465.648716217,35.6030933967426,33.1008064853762,23.9209508994751,16.7115030573415,742927.219265951,3665477.36665175,3.35757444088746,7.665448849,5.95916414928851,742927.2189346905,3665477.3845630274,"POLYGON ((35.60306591145917 33.10091706088323, 35.60308446841167 33.10096883844994, 35.60320750346632 33.10093760065809, 35.60315491416863 33.10079086649582, 35.60313635722022 33.10073908893848, 35.60301332240757 33.1007703266485, 35.60306591145917 33.10091706088323))",16.786104016181106,/Users/xingchen/Documents/PhD_learning/Acoustic_project/Analysis/echo_complex/pool/pool_0645.json
598,7538,2333.44134010547,738615.987886829,256676.283833298,778488.576422567,35.6031674021172,33.1010129747338,23.9209508994834,16.7114659865446,742933.558937823,3665500.43958497,4.9442088821602,7.789592314,3.88531365708236,742933.5586065137,3665500.457496831,"POLYGON ((35.60313991668571 33.10112355022142, 35.60315847364058 33.10117532779469, 35.60328150900258 33.10114409007294, 35.6032289196969 33.1009973558885, 35.60321036274613 33.10094557832459, 35.60308732762613 33.1009768159645, 35.60313991668571 33.10112355022142))",16.78606645358917,/Users/xingchen/Documents/PhD_learning/Acoustic_project/Analysis/echo_complex/pool/pool_0645.json
599,7538,2348.44134010547,738615.987929761,256683.105282811,778511.504128917,35.6032414074918,33.1012194640913,23.9209508993635,16.7114289085427,742939.898574299,3665523.51252476,7.91105437742889,8.554318064,5.90083351213563,742939.8982429409,3665523.530437206,"POLYGON ((35.60321392191222 33.10133003955949, 35.60323247886944 33.10138181713933, 35.60335551453883 33.10135057948769, 35.6033029252252 33.10120384528106, 35.60328436827207 33.1011520677106, 35.60316133284469 33.10118330528038, 35.60321392191222 33.10133003955949))",16.786028883203578,/Users/xingchen/Documents/PhD_learning/Acoustic_project/Analysis/echo_complex/pool/pool_0645.json
600,7538,2363.44134010547,738615.987972694,256689.926732325,778534.431835266,35.6033154128664,33.1014259534488,23.9209508994834,16.7113918356057,742946.238175378,3665546.58547113,7.58037821767755,9.479821481,7.03170954399757,742946.2378439703,3665546.6033841604,"POLYGON ((35.60328792713871 33.10153652889755, 35.60330648409826 33.10158830648395, 35.60342952007504 33.10155706890247, 35.60337693075348 33.10141033467362, 35.60335837379802 33.1013585570966, 35.60323533806326 33.10138979459624, 35.60328792713871 33.10153652889755))",16.785991304535667,/Users/xingchen/Documents/PhD_learning/Acoustic_project/Analysis/echo_complex/pool/pool_0645.json
601,7538,2378.44134010547,738615.988015626,256696.748181839,778557.359541616,35.603389418241,33.1016324428064,23.9209508994751,16.7113547615791,742952.577741059,3665569.65842409,5.66767123203983,7.21928374,7.0260992372432,742952.5774096027,3665569.67633771,"POLYGON ((35.60336193236524 33.10174301823572, 35.60338048932715 33.10179479582867, 35.60350352561131 33.1017635583173, 35.60345093628178 33.10161682406628, 35.60343237932395 33.1015650464827, 35.60330934328181 33.10159628391223, 35.60336193236524 33.10174301823572))",16.78595374153116,/Users/xingchen/Documents/PhD_learning/Acoustic_project/Analysis/echo_complex/pool/pool_0645.json
602,7538,2393.44134010547,738615.988058559,256703.569631353,778580.287247966,35.6034634236156,33.1018389321639,,,742958.917271343,3665592.73138363,2.77155736599388,8.444371326,6.654892102103,742958.9169398369,3665592.74929783,"POLYGON ((35.60339916741601 33.10193811499844, 35.60339916737986 33.10199219700395, 35.60352767985557 33.10199219699649, 35.6035276797406 33.10183893214909, 35.60352767970446 33.10178485014627, 35.60339916753097 33.10178485013883, 35.60339916741601 33.10193811499844))",0.0,/Users/xingchen/Documents/PhD_learning/Acoustic_project/Analysis/echo_complex/pool/pool_0645.json
